,0.2.09.10.M,0.2.08.10.M,0.2.07.10.M,0.2.06.10.M,0.2.05.10.M,0.2.04.10.M,0.2.03.10.M,0.2.02.10.M,0.2.01.10.M,0.2.15.10.M,0.2.46.10.M,0.2.14.10.M,0.2.45.10.M,0.2.13.10.M,0.2.44.10.M,0.2.12.10.M,0.2.43.10.M,0.2.11.10.M,0.2.42.10.M,0.2.10.10.M,0.2.41.10.M,0.2.20.10.M
1982-04-01,460.1,91.4,268.5,148.6,243.4,200.3,149.6,79.6,933.4,196.1,342.4,146.3,479.1,153.5,460.1,125.6,359.9,64.9,592.3,135.1,1162.6,3396.4
1982-05-01,502.6,96.8,289.8,151,268.3,210.3,149.7,80.8,920.5,196.6,342.1,145.5,486.1,154.8,502.6,128.7,386.6,67.7,629.6,134.9,1150.9,3497.9
1982-06-01,443.8,88.6,261.9,142.6,266.1,198.7,149,77.3,933.6,188.5,328.7,140.2,467.5,148.8,443.8,125,350.5,65.5,607.4,128.2,1160,3357.8
1982-07-01,459.1,92.1,267.2,150.1,273.5,208.7,153.5,80.4,972.6,192,338.5,146.5,491.1,156.1,459.1,136.6,359.3,68.5,632.4,129.9,1206.4,3486.8
1982-08-01,438.4,83.7,241.5,153.7,262.7,206.2,147.3,81.6,923.5,192.7,331.5,138.8,485.7,152.8,438.4,134.7,325.2,65.2,622.6,133,1152.5,3355.9
1982-09-01,465.1,90.1,256.2,157.9,263.1,200.9,151.8,81.4,955.9,197.6,341.9,144.3,489.9,157.2,465.1,130.4,346.3,66.8,622,135.5,1189.1,3454.3
1982-10-01,452.7,92.9,261.3,162.6,263.3,211.9,157.3,90.8,999.3,211.9,358.4,146.6,500.9,160.6,452.7,132,354.2,67.7,637.8,140.6,1247.4,3551.5
1982-11-01,522.9,101.5,302.4,199,285.9,232.2,156.5,92.3,1031.9,215.4,374.7,159.3,531.1,176.1,522.9,135.7,403.9,73.6,717.2,145.7,1280.7,3830.5
1982-12-01,889.3,145.2,426.1,385,410.7,281.2,182.3,111,1190.4,240.5,433.1,192.6,725.2,258.7,889.3,176.7,571.4,95.8,1077,194,1483.7,5179.7
1983-01-01,379.2,88.8,237.7,169.9,255.4,190.7,151.9,91.7,959.3,226.9,368.6,141.8,491.4,159.3,379.2,128.5,326.5,64.9,615.9,138.6,1202.8,3384.5
1983-02-01,378,82.3,216.4,159.4,267.5,194.8,146.7,82,995.5,204.4,348.1,143.7,499.1,157.9,378,122.1,298.7,66.4,621.7,152.8,1224.2,3369.8
1983-03-01,472.1,97.5,279.7,184.2,315.1,219.8,160.3,91.4,1080.8,213.9,365.8,151.9,538.7,174.4,472.1,133.2,377.2,73.7,719.1,157.3,1332.4,3805.3
1983-04-01,503.4,104.2,308.3,155.7,284.2,193.5,148.1,86.4,1036.4,198.1,351.1,153,493.8,159.3,503.4,131.8,412.5,71.5,633.4,131.2,1270.9,3665.1
1983-05-01,510.6,107.7,310.8,170.1,304.9,222.9,152.4,85,1014.2,207.4,360.5,153.2,520.8,166.5,510.6,138.9,418.5,73.5,697.9,142,1251.7,3760
1983-06-01,462.4,98.3,284.6,157,294.4,210.5,151.6,83.7,1033.9,196.4,347.1,150.7,507.3,160.3,462.4,139.7,383,71.3,661.8,136,1269.3,3630.8
1983-07-01,468.3,97.7,286.2,159.6,293.4,203.9,159.5,85.9,1047.4,209.8,364.5,154.7,519.9,165.6,468.3,140.9,384,72.5,656.9,141,1292.8,3686.5
1983-08-01,458.2,96.9,283,172.4,320.9,217.7,159.1,88.5,1089.4,215.2,376,160.8,554.2,174.6,458.2,147.3,379.9,76.5,711,155.8,1337,3816.3
1983-09-01,482.7,103.5,298.5,181.4,295.1,213.9,157.7,89.6,1075.6,215.6,377.6,162,547.9,176,482.7,144.6,402,74.9,690.3,152.4,1322.8,3823.4
1983-10-01,485.3,104,291.8,200.2,301.1,213.3,156.4,93.1,1105.9,211,374.1,163.1,553.5,180.8,485.3,146.9,395.8,75.8,714.6,149.9,1355.4,3878.7
1983-11-01,568.7,111.4,320.3,235.3,350.1,230.1,159.6,95.4,1155.9,215.3,390.6,175.3,594.1,198.8,568.7,153.3,431.7,83.7,815.5,158.3,1410.9,4211.5
1983-12-01,963.7,161.5,464.5,433,486.8,278,184.3,123.2,1334.8,242.7,459,216.3,795.5,287.5,963.7,195.8,626,109.3,1197.8,202.9,1642.3,5684.3
1984-01-01,414.7,100.8,256.8,190.8,281.5,211.9,157.6,94.8,1062.2,236,388.8,152.7,538.8,173.9,414.7,142.6,357.6,70.5,684.2,151.7,1314.5,3698.5
1984-02-01,414.5,94.8,251.2,188.9,292.1,217.5,157.1,90.5,1087.8,223,377.1,154.1,561.6,176.7,414.5,141.2,346,71.9,698.5,171.8,1335.4,3733.2
1984-03-01,484.7,110.1,309,204.6,302.6,238.8,163,93.5,1132.3,231.4,397.8,166.3,574.6,186.8,484.7,148.4,419,76.7,746,162.7,1388.8,4010.9
1984-04-01,487.3,108.3,298.6,176.4,263,195.3,155.9,88.8,1101.8,218.5,383.3,164.7,529.7,172.5,487.3,135.4,406.9,72.2,634.7,149.6,1346.5,3788.4
1984-05-01,597.9,125,356,189.5,329,236.5,165.9,89.9,1148.5,231.3,414,182.7,590.1,190.6,597.9,149.7,480.9,83.5,755,166.3,1404.3,4242.3
1984-06-01,500.4,107.4,295.7,159.5,303.1,214.7,156.7,89.6,1121.3,216.5,381.5,165.1,542.2,171.7,500.4,141.8,403.1,76,677.2,152.7,1367.6,3872.1
1984-07-01,543.4,107.3,304.6,167.9,313,227.8,158.1,85.2,1118.3,223.5,393,169.5,559.4,177.2,543.4,143.9,411.9,78.5,708.7,159.8,1361.6,3978
1984-08-01,503.4,110.5,304,186.3,314.4,240.1,165.5,92,1179.2,228.8,409,180.2,591.6,190.1,503.4,153.1,414.5,81.5,740.9,166.9,1436.7,4096.1
1984-09-01,522.8,107.9,284.2,182,272.2,224.8,158.4,91.7,1105.5,226,394.7,168.8,557.2,180.2,522.8,143.1,392.1,74.5,679,159.4,1355.6,3901.4
1984-10-01,556.6,119.9,326.4,210.5,308.6,250.2,167.5,95.6,1199.5,238.1,424.5,186.4,614.5,200.8,556.6,151.9,446.3,82.9,769.3,178.9,1462.7,4274
1984-11-01,623.2,125.7,359.1,241.5,351.8,266,172.6,102.3,1226.6,244.9,436.5,191.7,651.8,215.5,623.2,158.9,484.8,88.9,859.3,188.6,1501.4,4557.1
1984-12-01,1039.4,166.3,472.5,408.3,475.5,290.8,188.6,129.7,1368.3,262.8,488.1,225.4,820,292.1,1039.4,192.4,638.8,111.7,1174.6,223.8,1686.6,5847.5
1985-01-01,516.3,109.6,292,188.8,295.4,218.8,172,106,1206.7,249.3,425.6,176.3,598.9,191,516.3,154,401.6,79.3,703,174.6,1484.7,4130
1985-02-01,452.5,99.1,269.1,183.8,275,210.6,160.4,95.3,1141.3,222.5,391.8,169.3,577.9,184.6,452.5,138.3,368.2,75.3,669.4,179.7,1397,3856.8
1985-03-01,525.8,108.9,309.4,193.2,317.9,231.1,170.1,102.1,1222.8,233.8,416.1,182.3,599.6,194.6,525.8,148.7,418.3,83.1,742.2,173.2,1495,4196.9
1985-04-01,587.7,115.3,335.1,188.6,292.8,240.2,169.4,98.1,1207.4,236.8,419.8,183.1,574.6,189.7,587.7,141.6,450.3,81,721.6,162.4,1474.9,4228.9
1985-05-01,700.3,134.7,405.4,210.8,361.5,283.5,179.8,99.9,1277.1,243.4,446.2,202.8,639.9,210.9,700.3,159.2,540.1,92.9,855.8,176.8,1556.8,4739.1
1985-06-01,561.8,113.5,338.7,176.5,316.7,249.1,166.2,93.8,1193.7,225.1,406.8,181.7,573.5,185.2,561.8,150.4,452.3,82.5,742.3,155.4,1453.7,4190.3
1985-07-01,602.8,119.8,356.6,188,335.9,276,180.4,96,1282.2,244.3,448.5,204.2,628.6,203.8,602.8,161.4,476.4,90.3,799.9,173.1,1558.6,4514.6
1985-08-01,582.5,120.3,346.7,201,339.3,275.2,186.7,102.1,1296.9,255.5,466,210.5,649.6,212.5,582.5,166.4,467,92.3,815.5,178.4,1585.7,4566.3
1985-09-01,563.1,119.2,333.4,193.1,316.2,267.5,179.7,101,1237.3,254,455.2,201.2,614.7,203.5,563.1,153.8,452.6,87.7,776.8,169.8,1518,4380.3
1985-10-01,637.1,137.4,385.5,242.1,337.7,301.5,197.6,107.4,1350.7,268.6,493.6,225,667,230.3,637.1,166.4,522.9,96.6,881.3,173.6,1655.7,4857.7
1985-11-01,697.1,145.8,411.5,289.8,366,317.4,200.3,113.5,1353.4,276.7,505.6,228.9,704.6,249.7,697.1,170.4,557.3,100.9,973.2,183.5,1667.3,5105
1985-12-01,1187.5,194.4,555.3,489.6,509.1,353,220.1,143.9,1503.3,296,563.9,267.9,908.1,338.6,1187.5,212.3,749.7,127.6,1351.7,229.6,1867.3,6628.2
1986-01-01,570.5,126.7,320.3,220.4,327.6,264.7,198,114.9,1361.6,287.7,504.3,216.6,666.1,222.4,570.5,163.4,447,92.8,812.6,187.6,1674.4,4674.9
1986-02-01,478.2,111.2,288.2,220.1,293.4,250.1,180.1,104.6,1273.9,252.9,452.9,200,641.5,211.6,478.2,152.7,399.4,84.7,763.6,192.4,1558.5,4294.1
1986-03-01,547.4,114.8,304.9,218.6,297.3,252.1,191.3,113.8,1371.5,270,480.3,210.3,636.2,214.5,547.4,157.9,419.6,88,768,175.7,1676.6,4528
1986-04-01,594.3,134.1,370.4,221.1,326.9,279.1,192.6,106.5,1344.6,269.9,497.2,227.4,662.4,222.6,594.3,168.2,504.5,95.4,827,176.1,1643.7,4729
1986-05-01,751.6,152.5,435.7,233.3,385.2,316.6,204.4,106.6,1435.5,280.5,530.8,250.3,709.8,240.6,751.6,175.8,588.2,107.2,935.1,186.2,1746.5,5261.9
1986-06-01,553.4,127.9,357.8,213.2,340.2,280.3,192.3,100.1,1346,264.9,484.8,219.9,641.8,216.6,553.4,164.1,485.7,94.6,833.6,166.5,1638.5,4637.8
1986-07-01,663.2,136.2,371,210,375.6,292.6,201.6,101.1,1419.1,278,526.3,248.2,692.9,230.2,663.2,175.8,507.2,104.3,878.2,182.6,1721.8,4989.5
1986-08-01,581.1,132.3,352.1,229.9,376,292.2,205.4,108.7,1406.8,291.7,538.4,246.7,700.8,235.4,581.1,179,484.5,104,898.1,182.4,1720.9,4923.8
1986-09-01,661.9,137.4,359.4,228.4,347.6,286.3,200.8,107.5,1397.5,288.4,537.4,249,698.1,234.9,661.9,177.9,496.9,102.6,862.3,182.7,1705.7,4962.2
1986-10-01,665.6,150.4,395.1,284,354.7,311.9,211.6,117.2,1487.6,303.9,570.4,266.5,756.7,260.9,665.6,193.3,545.5,108.9,950.6,193.6,1816.4,5305.1
1986-11-01,700.9,148.4,397.4,311.3,350.4,306.5,208.2,117.4,1449.1,304.5,563.8,259.3,750.1,264.7,700.9,183.9,545.8,106,968.2,195.4,1774.7,5303.5
1986-12-01,1367.9,212.7,591.7,541.3,511.4,361.3,239.3,150.5,1683.7,339.9,663.2,323.2,1017,376.2,1367.9,235.1,804.4,141,1414,264.7,2073.6,7340
1987-01-01,613.9,137.1,324,258,332.2,270.9,210.7,126.2,1493.8,325.8,571.6,245.8,726.9,245.9,613.9,182.4,461.1,100.9,861.1,197.8,1830.7,5065.3
1987-02-01,513.2,121.7,295.9,244.4,310.6,257.6,199.3,114.2,1396.5,296.9,525.1,228.2,701.3,233.2,513.2,170.1,417.6,93.5,812.5,204.5,1710.1,4679.8
1987-03-01,599.9,132,347.3,247.5,333.3,281.6,203.5,117.7,1469.8,300.1,543.6,243.5,716.8,240.1,599.9,175.3,479.3,100.3,862.3,201.1,1791,4993
1987-04-01,674.1,142.5,386.1,240.5,339.8,266.6,209.1,116.2,1499.2,303.8,558.1,254.3,733.9,245,674.1,183.1,528.6,104.7,846.8,201.1,1824.4,5166
1987-05-01,714,154,431.4,258,384.5,291,212.9,113.1,1497.3,305.5,565.1,259.6,764.8,254,714,193.4,585.4,109.6,933.6,207.8,1823.3,5386.3
1987-06-01,670.5,139.2,390.3,225,381.1,280.2,207.6,107.8,1446.6,298.4,542.3,243.9,728.4,237,670.5,187.7,529.5,104.4,886.2,199.4,1761.9,5118.9
1987-07-01,720.9,150.8,428.9,244.7,394.5,319.7,222.9,117.1,1516.9,331.1,598.6,267.5,779.7,256.7,720.9,193.4,579.7,112.5,958.9,217.1,1856.9,5494.6
1987-08-01,601.6,137.5,381.1,256.4,375.5,306.4,217.1,116.6,1487.3,322.8,583.7,260.9,773.7,254.6,601.6,196.2,518.6,108.4,938.2,214.5,1821,5236.7
1987-09-01,672.3,149.3,413.9,280.6,368.4,303.9,217.5,121.3,1491.2,328.4,592.7,264.3,783.9,262.2,672.3,198.1,563.1,109.5,953,214.1,1830,5395.1
1987-10-01,709.1,161,435.6,321.2,403.8,333.7,226.7,130.2,1585.5,345.2,623.3,278.2,814.1,282.7,709.1,203.7,596.6,117.3,1058.8,210.5,1942.4,5744.4
1987-11-01,743.2,159.8,427.4,344.5,419.4,320.7,219.3,130,1536.7,339.8,621.9,282.1,822,290.5,743.2,202.2,587.2,119.9,1084.6,209.4,1885.9,5745
1987-12-01,1460.1,229.1,635.4,590.6,612.4,373.1,254.7,170.4,1847.3,380.7,739.8,359.1,1109.6,413.6,1460.1,252,864.5,161.9,1576.1,282.2,2272.4,8022.4
1988-01-01,631,145.8,341.1,284.7,373.5,280.8,219,139.6,1526.6,350,605,255,757.4,261.3,631,191.2,487,107.2,938.9,197.7,1885.1,5304.4
1988-02-01,551.1,142.9,359.7,287.4,387.7,293.2,211.6,124.5,1509.2,326.3,586.1,259.8,773.5,263.2,551.1,184.8,502.6,109.7,968.3,215.9,1845.2,5226.8
1988-03-01,678.1,152.3,398.7,296.7,425.6,313.3,228.3,133.3,1660.1,347.5,625.3,277.9,818,277.6,678.1,199.5,551,118.9,1035.6,222,2021.6,5729.7
1988-04-01,715.7,155.1,408,273.8,388.4,283.1,219.6,127.6,1590.3,343.5,611.9,268.4,753.7,261.3,715.7,189.7,563.1,113,945.3,189.7,1937.5,5527.3
1988-05-01,740.8,168.1,451.5,294.6,449.1,331.3,222.7,120.2,1564.2,347.4,630.5,283.1,814.9,280.2,740.8,201,619.6,123.1,1074.9,210.6,1907,5787.8
1988-06-01,722,161.5,440.1,283.5,438.3,331.8,224,118.4,1583.3,347.1,635.5,288.4,800.8,271.7,722,210.4,601.6,119.7,1053.6,198.9,1925.7,5739.2
1988-07-01,683.5,159.2,433.5,293.1,432,319.9,227.8,117.6,1587.1,349.1,658.7,309.6,810.1,276.1,683.5,210.6,592.7,124.9,1045.1,198.6,1932.6,5722.7
1988-08-01,650.9,154,424.1,307.9,434.9,330.6,233.1,113.5,1631,350.4,656.4,306.1,850.9,284.5,650.9,227.2,578,125.5,1073.4,213.7,1977.6,5787.3
1988-09-01,723.3,171.1,470.6,293.2,417.3,330.1,237.5,124.9,1672.7,363.8,660,296.2,845.5,294.7,723.3,223,641.7,127.2,1040.7,200.6,2035.2,5946.3
1988-10-01,729.6,177.6,472.6,340.1,414.2,338.6,240.4,129.5,1680.8,367.5,670.2,302.7,872.1,309.7,729.6,225.1,650.2,130.5,1092.9,206.9,2050.7,6065.8
1988-11-01,870.3,184.5,479.9,382.1,471.4,357.5,238.9,135.7,1734.8,361.4,670.8,309.4,945,344.7,870.3,227.5,664.4,146.3,1210.9,226.5,2109.5,6470.9
1988-12-01,1570,277.7,678.6,641,663.7,410.1,280.4,216.5,2052.7,392.8,773.9,381.1,1321.2,533.7,1570,296.2,956.3,209.6,1714.8,281.6,2549.7,8885.8
1989-01-01,631.5,165.4,432.6,359.1,433.6,296.5,244.7,112.2,1699.2,378.9,732.8,353.9,872.7,300.9,631.5,218.5,598,122.2,1089.2,231.1,2056.1,5980.3
1989-02-01,552,145.2,371.8,329.6,404.7,287.1,226.9,114.1,1649.2,343.1,660.7,317.5,832.7,284.1,552,203.1,517,114.8,1021.5,230.8,1990.2,5574.1
1989-03-01,719,165,428,352,450.3,304.7,248.3,138.9,1874.1,365.9,713.2,347.3,905.5,311.8,719,225.5,593,130.8,1107,237.4,2261.2,6299
1989-04-01,697.6,169.6,462.7,328.9,447.4,312.8,237.6,131.4,1735.5,358.1,693.9,335.8,858.2,296.2,697.6,217,632.3,123.2,1089,221.8,2104.6,6075.7
1989-05-01,764.8,184.6,494.9,353.9,512.4,337.3,247.5,134.8,1756.7,364.3,710,345.7,940.9,326.3,764.8,237.7,679.5,137.7,1203.6,239.1,2139,6437.8
1989-06-01,786.3,180.5,480.9,319.7,496.3,335.8,250.4,131.9,1788,369,721.7,352.7,885.8,297,786.3,231.4,661.4,131.6,1151.9,225.9,2170.3,6377.4
1989-07-01,715.1,174.5,460.1,317.5,495.3,323.1,246.9,134.9,1781.2,370.9,741.3,370.4,897.7,302.2,715.1,233.1,634.6,133.9,1135.8,228.5,2163.1,6287.5
1989-08-01,723.8,170.1,432.9,319.9,513.3,328.3,252.2,139.9,1863,377.1,745.5,368.4,947.4,318.2,723.8,248.2,603,138.3,1161.5,242.7,2255.1,6436.4
1989-09-01,757.9,183.4,452.9,331.3,509.5,333.2,252.6,149.5,1860.5,387.8,766.9,379,967.7,334.5,757.9,251.4,636.3,147.3,1174,234.5,2262.6,6565.5
1989-10-01,751.7,186.2,465,359.8,515.7,341.9,257.6,149.2,1814.9,414,793.7,379.8,969.8,339.3,751.7,248.4,651.2,146.8,1217.4,235.3,2221.7,6605.4
1989-11-01,923.8,204,505.5,420.6,551.8,378.8,263.9,161.6,1902,415.8,807.5,391.7,1034.8,373.9,923.8,263.3,709.5,156.8,1351.2,240.8,2327.5,7154.3
1989-12-01,1569.4,294.6,670.1,552.8,750.2,411.2,308.7,258.4,2221.3,453.8,942.7,488.8,1415,564.2,1569.4,329.1,964.7,231,1714.2,290.7,2788.4,9394.4
1990-01-01,678.2,182.4,422.1,308.1,505,315.4,274.1,147,1856.3,446.4,857.5,411.2,965.4,330.5,678.2,247.7,604.5,141.5,1128.5,245.7,2277.4,6511.6
1990-02-01,586.2,159.1,357.6,278.3,475.2,294.4,254.8,136.8,1793.7,392.1,764.4,372.4,930.4,315.6,586.2,229.6,516.7,132.1,1048,253,2185.3,6031
1990-03-01,726.8,179.4,425,306,511.8,330.4,280.3,150.6,2008.5,423.9,840.3,416.4,990.1,338.6,726.8,261.7,604.4,143.9,1148.2,245.8,2439.5,6749.3
1990-04-01,744.1,179.3,456,284.9,491.3,307.5,266.4,144.3,1875.4,413.1,804.6,391.5,922.4,312.4,744.1,252.2,635.3,138,1083.7,219.8,2286,6476.1
1990-05-01,815.5,197.1,515.8,299.5,559.3,352.8,276.9,143.7,1962.4,414.3,808.9,394.5,1016.2,344.3,815.5,277.6,712.9,150.9,1211.6,243.4,2382.9,6947.9
1990-06-01,832.4,187.5,477.2,279.2,533.5,347.7,282.6,138.7,1940.6,421.7,799,377.3,940.5,318.7,832.4,253.6,664.7,139.9,1160.4,228.3,2361.9,6758.9
1990-07-01,710.3,181.8,466.1,279.7,516.7,339.8,278.2,130.7,1894,422.5,815,392.5,961.2,324.9,710.3,258,647.9,142.1,1136.2,236.3,2302.9,6573.5
1990-08-01,759.4,181.9,457.5,299.3,544.6,342.1,288.2,137.1,2043.7,429.6,828,398.4,1029.4,343.7,759.4,280,639.4,150.6,1186,255.1,2469,6911.2
1990-09-01,741.1,184.8,451.2,289.7,492.3,329.3,266.4,130.5,1910.9,400.6,812.4,411.8,980.6,331.4,741.1,279.7,636,145.6,1111.3,224,2307.8,6589.3
1990-10-01,786.6,195.6,487.2,325.4,531,358.9,280.8,137.9,2023.7,426.5,833,406.5,1042.9,355.9,786.6,302.1,682.8,155.7,1215.3,229.2,2442.4,7002.9
1990-11-01,931.5,207,515.3,355.6,556.2,365.2,284.1,155.2,2114.1,427.8,851.5,423.6,1066.6,380.2,931.5,288.6,722.3,163.4,1277,234.4,2553.4,7402.3
1990-12-01,1563.1,295.1,690.7,500.6,765.5,393.4,314,233.3,2339.9,482.4,945.7,463.3,1373,534.2,1563.1,332.9,985.8,229.2,1659.5,276.8,2887.2,9414.4
1991-01-01,694,191.4,444.3,296.9,532.3,318.1,281.6,139.9,2130.5,449.6,861.7,412.1,946.6,329.8,694,251.9,635.7,143.7,1147.3,221.3,2551.9,6837.2
1991-02-01,604.7,166.2,385.3,310.4,483.2,300.8,257.7,127.1,1956.7,398.7,771.1,372.4,921.3,316.9,604.7,241.2,551.5,133.5,1094.5,229.6,2341.5,6284.6
1991-03-01,719.2,179.4,423.6,321,487.6,324.8,279.7,139.9,2174,429,813.3,384.3,975.4,330.4,719.2,263.3,603,142.8,1133.5,238.9,2593.6,6837.9
1991-04-01,748.2,193.2,493.1,308.4,499.5,328.4,270.6,133.8,1998.5,417.4,797.4,380,938.5,325.1,748.2,259.8,686.3,142.9,1136.3,210.6,2402.9,6709.5
1991-05-01,828.2,205.7,529.4,310.1,536.1,359.1,282.5,139.8,2162.2,422.9,820.6,397.7,1018,349.3,828.2,281.3,735.1,149.4,1205.3,238,2584.5,7191.7
1991-06-01,746.9,185,466.7,283.1,486.7,340.2,271.3,126.9,2011.7,423,801.3,378.4,955.1,319.2,746.9,280.9,651.6,131.8,1110,223.2,2410,6674.9
1991-07-01,794.5,192.9,529.8,315.4,541,363.7,283.5,128.6,2127.9,431.9,829.4,397.5,1040.2,339.7,794.5,315.1,722.7,143.3,1220.1,242.2,2540,7147
1991-08-01,770.4,187.4,477.4,320,541.5,370.2,292.1,140.4,2251.5,444.4,853.5,409.1,1058.4,352.5,770.4,322.3,664.8,148.2,1231.6,235.4,2684,7262.7
1991-09-01,741.5,194.7,453.9,323.7,483.2,358.7,275.1,133.8,2043.3,439.1,882,443,1008.2,352.8,741.5,273.5,648.6,151.6,1165.6,230.4,2452.1,6898.1
1991-10-01,858.6,220.9,532.1,378.1,525.8,408.6,295.8,145.1,2238.7,466.3,938.9,472.6,1081.9,391.8,858.6,286.8,753,171.1,1312.5,232.2,2679.6,7624.4
1991-11-01,944.7,222.2,518.4,387.6,545.1,410.3,293.3,155.1,2245,470.9,953.8,483,1128.7,416.6,944.7,292.6,740.7,176.2,1343.1,243.4,2693.4,7804.4
1991-12-01,1600.3,319.1,727.5,500.8,735.2,424.7,327.2,226.9,2430.7,528,1048.3,520.3,1473.1,584,1600.3,350.2,1046.5,241.1,1660.7,297.9,2984.8,9813.7
1992-01-01,740,215.2,480.1,309.4,542.2,351.9,297.9,150,2236.6,491.4,938.3,446.8,1043.7,369.2,740,278.5,695.3,154.6,1203.5,241.4,2684.5,7305.3
1992-02-01,665.9,187.3,424.1,318.8,494.7,329.9,281.5,135.2,2145.7,455.1,861.5,406.4,1003.6,360.4,665.9,257.4,611.4,146.4,1143.3,239.4,2562.4,6848.2
1992-03-01,701.5,197.6,447.9,347.9,512.3,339.3,297.9,145.4,2199.8,484.1,936.1,451.9,1038.9,365.3,701.5,272.9,645.5,149.8,1199.5,251,2643.1,7164.6
1992-04-01,831.4,211.8,509.8,350,501.9,354.8,299.3,148.2,2259.5,480.6,932,451.4,1036.8,363.5,831.4,285.9,721.6,152.2,1206.7,235.2,2707.1,7435.5
1992-05-01,878.6,221.4,547.9,329.6,533.3,365.5,303.7,138.1,2255.7,479.2,929.4,450.3,1048.2,371.5,878.6,287.5,769.2,150.6,1228.4,238.6,2697.5,7551.4
1992-06-01,826,198.9,522.1,307,514.8,377.5,284.1,132.2,2168,438.2,868.5,430.3,981.7,331.2,826,293.6,721,137.8,1199.3,219.1,2584.2,7180.7
1992-07-01,788.2,201.7,527.8,333.4,558.3,387.3,298.6,139.3,2316.8,449.3,891.3,442,1044.4,349.2,788.2,307.3,729.6,144.3,1278.9,243.6,2754.7,7487
1992-08-01,723.6,188.8,445,312.5,508.4,373.8,293,140.1,2237.4,446.7,875.5,428.8,1021.1,347.9,723.6,296.7,633.8,139.5,1194.8,237.1,2670.5,7119.3
1992-09-01,819.8,209.7,458.7,352.4,536.1,372.1,293.4,144.3,2227.8,464.6,914.1,449.6,1077.5,374.4,819.8,314.6,668.4,159,1260.6,229.5,2665.6,7406
1992-10-01,902.5,230,517.9,408.2,560.5,410.9,307.3,155.1,2396.1,477.8,935.7,457.9,1121.8,403.3,902.5,319.2,747.9,173.5,1379.7,225.9,2858.5,7946.1
1992-11-01,968.6,232.8,501.2,413.9,571.5,396.8,297.2,153.9,2249.5,474,931.8,457.9,1169.8,427.7,968.6,327.2,734,179.7,1382.2,235.2,2700.6,7887
1992-12-01,1650.9,341.1,719.2,537.9,821.4,457.8,347.4,245.4,2628.6,506,1045.8,539.9,1584.1,618,1650.9,387.6,1060.3,263.7,1817.1,314.8,3221.5,10379.6
1993-01-01,762.1,216,447.7,379.8,545.1,367.8,299.6,156.6,2333,478.3,917.8,439.5,1030.4,357,762.1,289.9,663.8,150.9,1292.7,232.6,2789.1,7455.9
1993-02-01,643,178.3,390,353.5,497.8,339.1,278.4,138.6,2193.6,425.1,838.1,413,982.5,342.6,643,262.3,568.3,136.7,1190.4,240.9,2610.6,6833
1993-03-01,754.1,197.4,437.1,395.2,561.4,390,293.4,144,2358.5,434.6,869.8,435.2,1096.6,365.2,754.1,309.3,634.5,151.3,1346.6,270.9,2795.8,7497.4
1993-04-01,840.7,200.6,467.5,382.7,532.1,359.8,298.3,154.3,2380.2,438,862.1,424.1,1061.8,356.8,840.7,312.3,668,150.6,1274.5,242.1,2832.7,7539.8
1993-05-01,906.6,211.3,511.7,368.6,562.5,393.1,293.1,142.9,2337.7,423,852.1,429.1,1095.7,365.6,906.6,325.1,723,149.4,1324.2,255.6,2773.6,7675.2
1993-06-01,887.1,209.7,501.8,341.6,577.3,389.6,287.6,133.9,2292.7,421.4,827.6,406.2,1059,348.6,887.1,327.8,711.5,150.4,1308.6,232.1,2714.1,7507.9
1993-07-01,771.5,204.5,498.3,343.8,618.2,383.9,304.3,148.7,2423.1,441.2,882.3,441,1095.6,358.9,771.5,335.2,702.8,157.7,1345.9,243.8,2876.2,7674.2
1993-08-01,728.7,199.7,440.2,355.3,571.9,373.2,291.4,146.5,2296,440.9,866.9,425.9,1091.6,366.4,728.7,332.9,639.9,158.5,1300.5,233.8,2734,7361.4
1993-09-01,844.7,219.6,458.8,370.5,606.8,388.9,296.4,147.5,2361.7,454,904.9,450.9,1165.8,397.6,844.7,353.2,678.3,177.8,1366.1,237.1,2805.7,7765.5
1993-10-01,886.9,225.6,478.3,409,619.1,409.8,303.4,157.6,2440.7,462.9,931.2,468.3,1201.7,416.5,886.9,362.6,703.9,188.3,1438,234.3,2901.8,8063.3
1993-11-01,970,242.3,504.3,433.5,663.3,435.4,303.2,164.2,2405,472.9,963,490,1285.1,455.5,970,374.4,746.5,207.8,1532.2,247.3,2872.4,8369.3
1993-12-01,1710.5,369.6,720.1,582.5,932.6,496.7,357.7,256.1,2819.5,521.7,1099.5,577.8,1786,684.1,1710.5,472.8,1089.7,315.8,2011.8,313.2,3433.4,11130.8
1994-01-01,745.7,214.6,450.7,371.2,618.5,383.7,312.8,154.9,2366.7,509.8,984.5,474.7,1127.3,380.8,745.7,334.1,665.3,169.4,1373.4,243,2834.4,7730.6
1994-02-01,664.4,191.2,388,376,574.2,374.8,293,141.3,2289.9,452.8,901.6,448.8,1100.6,374.9,664.4,314.5,579.3,159.9,1325.1,251.3,2724.2,7295.2
1994-03-01,821.5,217.3,468.6,408.7,633.9,408.8,329,158.5,2561.2,509.2,1015.2,506,1217.5,399.2,821.5,362.1,685.9,172,1451.4,284.2,3048.7,8240.1
1994-04-01,831.7,212.1,497.3,366.3,580.2,388.4,310.5,149.3,2377.5,465.1,939.1,473.9,1123,368.5,831.7,347.5,709.4,165.2,1334.8,241.9,2837.4,7775.5
1994-05-01,908,220.2,511.4,379.5,647,417.1,309.6,144.4,2394.7,470.7,941.4,470.8,1187.7,387.5,908,363.4,731.6,170.7,1443.6,266.2,2848.7,8061.2
1994-06-01,912.6,219.4,476.5,364.1,660.7,431.2,297.7,144.3,2427.9,471.1,934.8,463.7,1187.9,379.8,912.6,364,695.9,177,1456,267.1,2869.9,8057.1
1994-07-01,782.9,211.8,470.7,359.9,643.1,424.8,301,153.1,2499.2,495.7,1013.3,517.6,1216.9,384.7,782.9,374.7,682.5,183.1,1427.8,274.3,2953.3,8076.6
1994-08-01,798.8,218.3,459,378.8,676.8,447.5,307.4,149.3,2507.9,493.7,1017.5,523.8,1261.3,411.9,798.8,392.8,677.3,186.3,1503.1,270.3,2964.7,8222.7
1994-09-01,887,235.5,486.8,398.7,636.7,439.8,312.6,161.9,2539,505.4,1040.7,535.3,1271.9,439.2,887,385.2,722.3,184.8,1475.2,262.6,3013.5,8410.6
1994-10-01,934.6,248.6,499.5,421.8,650.3,436.5,338.2,168.4,2575.1,522.5,1061.8,539.3,1303.5,471.4,934.6,376.5,748.2,190.2,1508.7,265.5,3081.6,8638.4
1994-11-01,1000.4,251.4,522.5,438.3,721.4,456.9,333.6,182,2567.1,519.8,1070.2,550.3,1363,471.5,1000.4,390.2,773.9,212.4,1616.5,288.9,3082.7,8906.7
1994-12-01,1817.5,349.3,742.7,554.3,1018.4,486.2,396.6,281.3,3022.1,572.9,1188.3,615.4,1827.4,664.1,1817.5,466.4,1092.1,342.4,2058.9,354.4,3700,11684.1
1995-01-01,752.4,226.2,477.3,387.3,687.7,388.8,357.5,170.8,2534.6,543.8,1076.3,532.4,1209.3,413.9,752.4,340.9,703.5,188.3,1463.9,266.3,3063,8268.3
1995-02-01,682.5,210.5,405.3,376.3,625.6,371.4,338.2,156.5,2454.4,485.4,981.6,496.3,1148.1,407.8,682.5,320.7,615.7,162.9,1373.3,256.7,2949.1,7750.3
1995-03-01,811.2,233.8,468.6,418.9,702.4,412.4,363.7,170.2,2710.5,545.1,1098.9,553.8,1266.3,438.3,811.2,370.2,702.4,184.9,1533.7,272.8,3244.4,8656.9
1995-04-01,906,235.3,520.7,383.9,665.6,371.1,361.2,166,2623.8,541.5,1067.8,526.3,1213.2,422.5,906,359.2,755.9,191.7,1420.6,239.8,3151,8514.5
1995-05-01,927.2,242.7,523.3,385.6,766.5,424.2,360.8,158.7,2680.5,539.1,1083.3,544.1,1307.7,441,927.2,392.6,766,199.9,1576.3,274.1,3200,8860.4
1995-06-01,906.8,240.4,521,395.5,778,434.1,353.2,162.8,2663.6,530.8,1045,514.3,1267.7,421.3,906.8,383.4,761.4,203.7,1607.5,259.2,3179.6,8767.9
1995-07-01,880.6,243.5,483.2,389.9,721.5,434.2,363.1,164,2685,555.6,1094.4,538.9,1302.7,440.5,880.6,383.3,726.7,201.2,1545.7,277.7,3212,8762.1
1995-08-01,873.9,246.2,481.4,420.7,707.2,422.9,380.8,169.3,2792.2,569.1,1109.7,540.6,1360,465.2,873.9,409.5,727.6,202.4,1550.8,282.9,3342.3,8964.4
1995-09-01,856.8,262.4,489.2,439.3,702.5,441.2,372.7,177.1,2751.9,568.9,1126.1,557.2,1377.1,481.9,856.8,411.2,751.6,208.6,1583,275.4,3301.7,8996.2
1995-10-01,920.6,261.8,507.6,479.5,693.7,449.4,394.7,173,2802.2,596.1,1166.5,570.4,1365.9,487.6,920.6,396.6,769.4,211.8,1622.6,269.9,3369.8,9214.9
1995-11-01,1067.4,272,541.7,508.3,763.1,434.1,410.6,195,2879.7,597.1,1194.3,597.2,1461.4,517.4,1067.4,414.4,813.6,240.9,1705.5,288.8,3485.3,9727.5
1995-12-01,1857.2,392,764.5,658.5,1071.9,482,461.4,294.7,3240.8,636.2,1314.7,678.5,1987.4,748.2,1857.2,488.5,1156.5,392.4,2212.4,358.2,3996.9,12525
1996-01-01,833.1,254.6,500.2,466.6,708.9,405.2,374.4,170.4,2812.4,639.2,1213.1,574,1345.6,460.4,833.1,369.8,754.8,214.4,1580.7,301,3357.2,9084.7
1996-02-01,737.1,238.6,424.3,434.6,673.7,377.2,366,169.2,2803.7,584.9,1128,543.1,1279.6,454.4,737.1,350.5,662.9,197,1485.5,277.8,3339,8632.1
1996-03-01,812,251.9,465.7,456.2,727.4,399,369.4,183.1,2916.3,615.5,1180,564.5,1313.2,455.2,812,370.9,717.6,211.4,1582.6,275.7,3468.7,9074.2
1996-04-01,895.2,251,507.1,428.6,692.3,377.9,370.6,180.3,2795.5,607.7,1169.3,561.7,1278.4,451.6,895.2,366,758.2,206.8,1498.9,254.1,3346.5,8946.5
1996-05-01,962.8,268.5,538.6,465.2,781.6,397.8,377.7,180.5,2957.6,598.9,1145.7,546.8,1359.2,482.4,962.8,392.9,807.1,219.2,1644.5,264.8,3515.8,9435.2
1996-06-01,908.6,258.2,497.6,434.2,774.1,402.6,373.5,172.3,2783.5,573.2,1109,535.8,1289.5,449.4,908.6,372,755.8,214.3,1610.9,253.8,3329.3,9003.1
1996-07-01,908,268.6,509.3,446.1,814.8,434.1,377.7,178.3,2877.3,592.4,1138.1,545.6,1338.8,476.2,908,388.1,777.9,218.3,1695,256.2,3433.3,9291.1
1996-08-01,888.9,269.7,476.4,450.2,786.1,428.7,379.9,190.7,3006.7,596.1,1145.7,549.6,1363.3,495.4,888.9,389.4,746.1,213.2,1664.9,265.3,3577.3,9386.1
1996-09-01,833.7,272.1,467.7,446.2,729.2,408.4,361.2,184.7,2831.2,576.1,1104.9,528.8,1317.4,488.6,833.7,368.3,739.9,212.4,1583.8,248.2,3377.2,8956.8
1996-10-01,933.7,295.9,510.2,503.9,776.9,459.7,382.7,200.1,3065.5,601.5,1142.2,540.7,1404.8,517.8,933.7,398.4,806.1,231.9,1740.4,256.7,3648.3,9675.6
1996-11-01,1081.6,302.9,505.1,530.7,816.5,451.5,378.3,216.7,3054.3,588.2,1129.4,541.3,1463.1,542.7,1081.6,401.4,808,255.4,1798.7,263.6,3649.2,9930.1
1996-12-01,1837.6,427.6,721.2,679.8,1129.7,486.6,426.8,313.5,3294.1,628.3,1230.8,602.5,1975.8,763.7,1837.6,476.1,1148.8,397,2296.1,338.9,4034.4,12523.5
1997-01-01,840.9,303,474.1,478.6,781.2,426.2,372.8,191.3,3124.1,630.9,1180.1,549.2,1344.2,518.7,840.9,343.8,777.1,216.5,1686,265.2,3688.2,9516.5
1997-02-01,727.4,258.1,381.8,442.4,745.8,388.7,339.9,183.7,2839.3,554.8,1059.5,504.7,1269.3,491.8,727.4,330.2,639.8,196.6,1576.9,250.8,3363,8636
1997-03-01,857.9,277.4,423.5,478.3,735.8,394.8,363.4,205.1,3108.3,601.5,1148,546.5,1332.5,506,857.9,352.9,700.9,215.8,1608.8,257.8,3676.9,9325
1997-04-01,849,288.6,486.9,456.9,746.6,407.3,373.6,192.2,2914.4,594.4,1141.3,546.9,1364.4,509.8,849,379.8,775.5,214.5,1610.8,260.4,3480.1,9221.1
1997-05-01,994.8,304,541.3,466.2,815.4,431.2,375.5,206.3,3100.8,612.9,1170.3,557.4,1413.2,534.9,994.8,393.5,845.3,221.2,1712.9,263.6,3682.6,9819.1
1997-06-01,830.2,279.2,470.3,431.2,806.3,426.8,361.5,191.7,2861.5,589,1113.5,524.5,1344.5,498.2,830.2,373.1,749.4,225.5,1664.3,247.7,3414.8,9116.7
1997-07-01,971.1,300.8,490.9,436.1,814.4,447.6,425.8,193.9,3032.5,604.4,1164.6,560.2,1441.7,534.9,971.1,410.9,791.7,238.7,1698,257.1,3652.3,9719.3
1997-08-01,836,288.2,451.9,443.8,793.1,426,421.2,200.6,3047.1,594.3,1173.3,579,1443.5,535.7,836,412.4,740.1,233.3,1662.9,262.1,3669,9524.8
1997-09-01,939.1,298.3,479.1,493.8,760.2,424.8,417.1,194.6,2974.1,595.5,1154.1,558.7,1461.3,551,939.1,400.4,777.5,247.3,1678.9,262.6,3585.7,9596.6
1997-10-01,976.9,330.6,511.1,506.6,815.5,489,441.5,215.6,3222.2,618.7,1204.8,586.1,1523.2,596,976.9,401,841.7,260.5,1811.1,265.6,3879.4,10237
1997-11-01,1111.3,334.5,529,531.3,826.8,477.4,432.3,230.3,3131.5,599.8,1183.7,583.9,1552.9,621.3,1111.3,390.2,863.6,276.6,1835.5,264.9,3794,10340.9
1997-12-01,1879.1,475.5,755.6,708.4,1186.7,523.3,507.8,352.9,3479.1,655.8,1306.7,650.9,2143.1,886.2,1879.1,481.5,1231.1,429.8,2418.4,345.6,4339.8,13318.2
1998-01-01,917.3,318.1,485.1,490.5,773.4,461,476.9,216.5,3280.4,628.1,1185.9,557.8,1437.6,565.8,917.3,366.4,803.2,240.1,1724.9,265.4,3973.8,10042.7
1998-02-01,716.2,272.6,408.3,441.9,667.4,422,432.2,201.7,2937.7,563.1,1050,486.8,1322.4,530.4,716.2,339.2,681,200.7,1531.3,252.1,3571.6,8872.4
1998-03-01,822.9,290,459.7,474.7,736.7,448.5,451.5,214.3,3133.9,596.2,1141.1,544.9,1402.3,543.4,822.9,375.9,749.7,215.2,1660,267.8,3799.6,9575.7
1998-04-01,970.1,309,520.8,462.4,704.7,434.8,454.9,215.1,3162.3,560.2,1106.7,546.5,1415.8,570,970.1,376.2,829.8,223.4,1602,246.2,3832.3,9756.6
1998-05-01,970.2,314.3,579.7,465,732.8,479.2,455.7,220.4,3206.2,562.4,1144.2,581.8,1432.9,568.9,970.2,395.3,894,212.4,1677,256.3,3882.4,10000.6
1998-06-01,849.4,299.5,535.5,446.2,740.8,481.8,440.2,206.4,3058.6,543.6,1088.2,544.6,1409.5,547.2,849.4,387.6,835,223.2,1668.8,251.6,3705.2,9556.1
1998-07-01,1042.3,324.3,563.9,449.4,749.6,500.7,461.9,220.5,3269,565.9,1162.2,596.3,1481.7,578.3,1042.3,406.5,888.2,240.9,1699.6,256,3951.3,10225.4
1998-08-01,869.9,301.5,521,475.3,705.1,469.5,448.2,219.3,3221.5,549,1144.8,595.8,1459.4,557.9,869.9,406.3,822.5,241.8,1649.9,253.4,3888.9,9835.4
1998-09-01,939.4,325.4,543.8,514.6,689.1,481.4,460.7,227,3210.2,550,1149.5,599.5,1518.7,583.6,939.4,414.5,869.3,264,1685,256.6,3897.8,10059.8
1998-10-01,1021.3,348.7,580.1,528.9,740.3,514.4,475,247.4,3490.9,591.2,1258.6,667.4,1567.9,600.5,1021.3,435.9,928.8,270.8,1783.6,260.7,4213.3,10773.4
1998-11-01,1137.7,357.9,567.6,525.8,733.6,516.5,445.9,259.5,3297.9,554.8,1200.8,646,1599.4,628.3,1137.7,426.4,925.5,280.3,1776,264.4,4003.3,10642.7
1998-12-01,1975.7,498.7,849.8,665.4,1097.4,560.5,541.7,399,3749.3,603.5,1310.2,706.7,2189.7,885,1975.7,519.1,1348.5,452.4,2323.2,333.2,4690.1,13837.5
1999-01-01,942,345.5,521.2,490,790.7,494.7,465.7,240.6,3512.3,578.3,1244,665.7,1490.5,562.8,942,409.5,866.6,250,1775.4,268.2,4218.6,10537.1
1999-02-01,738.4,284.6,452.1,452.2,703.2,441.9,436.9,224.7,3182.7,510,1124.4,614.5,1389.2,517,738.4,398.7,736.7,213.2,1597.2,260.3,3844.3,9430.1
1999-03-01,903.2,316.1,548.3,497.3,730.1,506.2,474.9,251,3525,558.1,1245.4,687.3,1542.5,552.9,903.2,464.8,864.4,232.2,1733.6,292.6,4250.9,10540
1999-04-01,953.2,332.2,598.4,474.9,732.7,473.4,483.9,244,3363.2,531.4,1236,704.6,1498.9,564,953.2,441.5,930.6,230.6,1681,262.8,4091.1,10390.7
1999-05-01,1011.2,329.8,607.2,473.5,766.9,524.1,462.3,239.4,3377.3,532.7,1271.4,738.7,1517.9,564.4,1011.2,457.5,937,225.5,1764.5,270.5,4079,10581
1999-06-01,894.4,312.3,603.3,470.7,785.8,522.5,455.8,230.2,3275.9,528.6,1208,679.4,1505.8,537.6,894.4,465.2,915.5,239.9,1779,263.2,3961.9,10264.8
1999-07-01,1054.5,336.5,576.8,491.2,770.1,556.1,493.5,252.7,3493.3,533.5,1219.2,685.8,1581,572.5,1054.5,491,913.3,237.8,1817.4,279.7,4239.4,10824.9
1999-08-01,899.5,326.8,561.8,509.6,773.5,547.5,484,242.5,3391.3,541,1233.6,692.6,1585.1,585.8,899.5,483,888.6,245.1,1830.7,271.2,4117.8,10555.3
1999-09-01,1002.3,338.3,601.4,583.6,741.1,569.6,485.8,258.2,3440,547,1261.3,714.3,1627.4,603.9,1002.3,488.6,939.6,265.1,1894.3,269.9,4184,10908.9
1999-10-01,1043.7,353.5,628.7,633,756,611.8,511,276.9,3585.7,565.3,1314.4,749.1,1622.2,615.4,1043.7,477.5,982.2,259.3,2000.7,270,4373.6,11336.8
1999-11-01,1207.2,377.7,644.5,632.5,788.4,616.1,493,283.7,3496.3,565.4,1318.3,752.9,1726.2,655.6,1207.2,500.3,1022.2,279.6,2037,290.8,4273,11584
1999-12-01,2069.6,514.8,956.4,774.6,1137.1,656.5,611.6,443.6,4044.6,591.1,1455.3,864.2,2352.7,927.9,2069.6,616.1,1471.2,439.7,2568.3,369,5099.8,15016.9
2000-01-01,924.9,355.1,548.3,605.3,762.7,556.7,444,251.1,3552.1,559.8,1297.4,737.6,1496.6,573.7,924.9,408.4,903.4,250.7,1924.7,263.8,4247.2,10794.2
2000-02-01,798.2,309.8,454.7,565.2,741.2,507.2,418.9,249.5,3401.3,493.3,1206.7,713.4,1462.1,555.6,798.2,410,764.5,224.8,1813.6,271.7,4069.7,10114.8
2000-03-01,901.9,335.8,541.5,585.6,771.5,562.8,439.1,263.4,3650.9,539.6,1324.6,785.1,1553,581.2,901.9,450.2,877.4,236.4,1919.9,285.2,4353.4,10930.1
2000-04-01,1024.7,334.1,571.6,563,695.8,510.9,401.8,266.9,3505.7,539,1252.5,713.4,1482.8,570.9,1024.7,434.2,905.7,233.7,1769.8,244,4174.4,10609.9
2000-05-01,1052.3,369.3,626,578.8,837.9,569,398,253.8,3509.9,539.4,1282.1,742.7,1575.8,605.5,1052.3,464.7,995.2,240.7,1985.7,264.9,4161.7,11052.7
2000-06-01,1165.5,395,709,642.9,974.8,728.6,396.3,276.1,3502.8,532.2,1274.7,742.5,1609.6,619.3,1165.5,471.7,1103.9,267.5,2346.3,251.2,4175.1,11675.2
2000-07-01,859.3,311.8,496.8,540.6,833,502.1,410.8,254.6,3555.8,565.6,1317.9,752.3,1522.5,543.3,859.3,473.4,808.6,230,1875.7,275.8,4221.2,10605.2
2000-08-01,1009.2,329.2,523.9,591.3,874.4,547.4,419.2,277.1,3666.6,562.6,1328.8,766.2,1623.6,580.1,1009.2,518.8,853,252.2,2013.1,272.5,4362.9,11190.6
2000-09-01,1054.6,360.4,626,632.9,841.4,541.4,420.8,287.9,3606.9,577.5,1432.4,854.9,1642.7,612.9,1054.6,501.9,986.4,266.5,2015.7,261.4,4315.6,11447.4
2000-10-01,1070.4,391.6,566.1,683.5,836.6,578.2,394.1,291.9,3698.6,620.4,1460.8,840.4,1692.6,667.1,1070.4,508,957.7,249.6,2098.2,268,4384.7,11664.4
2000-11-01,1232.5,411.9,610.4,717.6,892.8,602.9,389.8,313.8,3747.2,601.3,1416.3,815,1792.5,708,1232.5,523.6,1022.4,276.5,2213.3,284.4,4450.9,12127.8
2000-12-01,2177.5,579.1,920.6,908.1,1212,655.8,464.5,481,4248.5,649.5,1538.6,889,2381.5,984.5,2177.5,627.5,1499.7,423.1,2776,346.3,5194.1,15567.3
2001-01-01,971.9,383.6,562.2,687.5,842.9,565.4,395.5,294.4,3796.3,640.6,1470.8,830.2,1641.7,627.1,971.9,473.4,945.7,258.7,2095.8,282.6,4486.2,11612.2
2001-02-01,814.6,339.2,461.1,615.2,775.4,496.7,375.7,267.4,3578.2,567.9,1338,770.2,1563.5,604.8,814.6,460.9,800.3,223.2,1887.4,274.6,4221.3,10625.2
2001-03-01,1017.5,375.1,570.3,677.8,819.8,565.6,422.5,304.3,3972.3,642.2,1521.2,878.9,1694.1,646.4,1017.5,506.5,945.4,245.3,2063.2,296,4699.1,11940.5
2001-04-01,1039.2,361.9,627.7,664.8,765.7,552.2,428.8,289,3779.2,607.5,1441.3,833.8,1626.9,627.1,1039.2,512.6,989.6,237.2,1982.7,250,4497.1,11576.8
2001-05-01,1123.5,384.3,672,675.6,864.4,578.3,416.8,292.7,3893.5,599.1,1446.1,847,1728.6,657.8,1123.5,560.8,1056.3,245.2,2118.3,264.8,4603,12075.8
2001-06-01,1024.9,360.1,629.2,667.9,924,613.2,414.3,279.5,3764.5,597,1397.6,800.6,1674.2,619.2,1024.9,537.7,989.3,256.2,2205.1,261.1,4458.2,11749.3
2001-07-01,1100.8,376,600.6,672.3,926.2,619,427.4,275.2,3830.2,620.3,1477.4,857.1,1733.8,638.7,1100.8,566.1,976.7,251.9,2217.5,277,4532.8,12038.9
2001-08-01,963,373.4,573.6,723,932.3,597.8,437.3,283.5,4024.3,621.9,1504.6,882.7,1792.2,662.2,963,588.9,947.1,254.1,2253.1,287,4745.1,12204.9
2001-09-01,1012.9,380.6,604.5,731.4,881.3,576,430.1,288.8,3887.6,613.2,1437.2,824,1718.8,660.9,1012.9,550.3,985.1,249.2,2188.7,258.3,4606.5,11949.3
2001-10-01,1132,424.6,654.8,842.3,921.5,641.1,474.8,318.1,4070.2,640.9,1488.5,847.6,1829.9,722.9,1132,574.3,1079.5,254.4,2404.9,278.3,4863.1,12797.9
2001-11-01,1344.8,446.7,681.5,846.4,1020,651,485.5,338,4117.9,627.6,1482.9,855.3,1944.2,783,1344.8,583.2,1128.2,292.6,2517.4,285.5,4941.5,13359
2001-12-01,2269.5,617.5,998.6,1021.1,1386.5,706.2,559.4,506.3,4477.4,681.4,1611.4,930,2589.6,1106.6,2269.5,682,1616.1,452.5,3113.9,348.4,5543,16743.5
2002-01-01,1027.9,420.8,651.9,804.6,971.1,663.1,515.3,328.9,4200.5,675.5,1482.1,806.7,1769.9,695.7,1027.9,509.5,1072.6,271.6,2438.8,293,5044.6,12836
2002-02-01,841.4,365.5,530,722,840.1,561.8,468.9,296.6,3793.9,576.6,1329.8,753.2,1642.5,643.9,841.4,486.8,895.5,227.7,2123.9,284.2,4559.4,11392.4
2002-03-01,1043.9,393.3,622.8,795.6,903,597.8,504,340.2,4254,646.7,1478.9,832.2,1795,703.7,1043.9,524.3,1016.1,262.4,2296.4,304.6,5098.2,12728.5
2002-04-01,1075.3,398.8,659.4,765.9,930.2,639.9,491.1,307.4,3949,650.1,1460.4,810.3,1778.3,676.9,1075.3,558.6,1058.2,251,2336,291.8,4747.6,12455.8
2002-05-01,1190.9,432.5,706.6,755.8,1069.4,653.4,515.8,313.2,4199.6,652.5,1481.9,829.4,1898.8,725.5,1190.9,598.9,1139.2,269,2478.6,305.4,5028.5,13217.9
2002-06-01,1143,390.3,639.2,722.1,1096.5,656.3,482.6,297.6,3935.8,633.6,1424.9,791.3,1762.1,657.3,1143,556,1029.5,267.3,2475,281.5,4716.1,12550.6
2002-07-01,1075.7,397.5,635.8,741.7,1047.3,676.3,528.8,331.2,4111.5,670.6,1527.3,856.7,1870.2,679.2,1075.7,609.6,1033.3,267.4,2465.3,314,4971.5,12943.3
2002-08-01,1065.9,406.6,643.9,796.6,1042.4,662.1,523.1,338.5,4283.9,655.5,1551.6,896.1,1946.9,721.4,1065.9,605.3,1050.6,277.5,2501.2,342.7,5145.5,13261.7
2002-09-01,1060.1,414.6,664.5,825.2,979.2,656.1,527.1,337.2,4048.2,650.1,1495.1,845,1880.9,720.3,1060.1,590.8,1079,264.2,2460.6,305.6,4912.5,12888.3
2002-10-01,1211.4,450.7,719.2,891.9,1032.9,710.5,524,375.7,4383.8,693,1556.6,863.6,1942,784.8,1211.4,585.1,1170,276,2635.3,296.1,5283.5,13798.9
2002-11-01,1495.1,480.4,769.9,941,1083.6,728.3,518.3,400.9,4381.4,676.9,1571.9,895,2047.7,847.5,1495.1,592.6,1250.2,313.3,2752.9,294.3,5300.6,14418.4
2002-12-01,2338.6,653.8,1077,1077,1511.2,777.9,598,557.8,4706.3,732.6,1734,1001.3,2769.7,1188.5,2338.6,705.7,1730.9,489.5,3366.1,386,5862.1,17801.4
2003-01-01,1099.3,421.4,687.4,833.4,1021.5,673.6,503.2,384.8,4514.8,715.4,1620.4,905,1876.5,720.6,1099.3,574.3,1108.8,280.4,2528.5,301.2,5402.8,13636.3
2003-02-01,900.5,369,556,747.7,887.6,596.6,458.8,336.4,4065.9,601.2,1421.8,820.6,1727.3,679.7,900.5,534.8,925,233.4,2231.8,279.4,4861,12067.5
2003-03-01,1092.7,402.4,670.4,829.3,939,662.4,490.6,365.1,4424.6,664.4,1574.2,909.8,1839.2,712.8,1092.7,584.9,1072.8,251.4,2430.7,290.1,5280.2,13289.7
2003-04-01,1222.4,416.2,728.2,798.6,891.5,678.9,475.1,378.8,4317.6,703.3,1589.1,885.8,1851.6,720.2,1222.4,602.4,1144.4,261.4,2368.9,267.6,5171.5,13347.9
2003-05-01,1237.1,440.5,747.7,824.7,993.1,722.1,474.3,366.8,4475.2,723.6,1657.4,933.8,1958.4,761.5,1237.1,645.4,1188.2,264.9,2539.9,286.5,5316.3,13897.3
2003-06-01,1237.9,419.1,711.4,814.2,1037.1,744.4,448.8,356.7,4089.9,701.9,1554.2,852.4,1870.4,718.7,1237.9,610.5,1130.4,268,2595.6,273.2,4895.4,13284
2003-07-01,1182,431.3,698.8,867.6,1049.7,757.8,497.8,373.2,4425.9,746,1699.4,953.3,2021.9,760.6,1182,666.6,1130.1,277.5,2675.1,317.3,5296.9,14005.4
2003-08-01,1101.2,425.6,671.6,917.6,1021.2,726.3,500.9,368.2,4417.6,742.3,1737.8,995.5,2045.1,779.8,1101.2,665.3,1097.2,272.4,2665.2,327.5,5286.8,13933.3
2003-09-01,1198.2,446.9,719.4,983.8,992.6,750.3,504.2,377.6,4310.3,725.4,1709.4,984.1,2063.2,804.9,1198.2,667.2,1166.3,272,2726.7,319.1,5192.1,14055.9
2003-10-01,1316.1,492.1,778.1,1032.9,1082.7,788.1,520.6,408.2,4655.1,773.7,1878.4,1104.7,2236.2,869,1316.1,742.3,1270.2,300.5,2903.8,324.4,5583.9,15188.7
2003-11-01,1528.2,515,804.3,1048.9,1109.3,790,516.5,426.7,4555.6,746.5,1838.4,1091.9,2322,919.4,1528.2,738.2,1319.3,329.6,2948.3,334.8,5498.8,15455
2003-12-01,2424.2,707.9,1146.7,1202.4,1597.5,850.6,590.8,621.8,5057.2,821.5,2048.3,1226.8,3137.1,1287.5,2424.2,886.3,1854.6,514.5,3650.5,448.8,6269.7,19384.4
2004-01-01,1182.9,454.9,762.1,927.1,1153.8,749,534.4,406,4829.5,803.2,1895.2,1092,2039.8,764.1,1182.9,642,1217,306.5,2829.9,327.1,5769.9,14934.7
2004-02-01,989.8,402.3,630.8,850.6,1029.8,665.1,494.9,368.7,4448.1,722,1765.8,1043.8,1942.6,739.7,989.8,622.1,1033.1,264.4,2545.4,316.4,5311.8,13588.5
2004-03-01,1131.4,438.6,692.3,916.7,1084,745.5,522.2,399.7,4680.6,744,1872.8,1128.7,2117.1,779.6,1131.4,703.6,1130.9,293.4,2746.3,340.5,5602.4,14600.9
2004-04-01,1277.1,425,765.7,869,1006.2,694,540.7,406.6,4680.4,788.5,1873.7,1085.2,2013.5,736.3,1277.1,683.7,1190.7,274.6,2569.2,318.9,5627.7,14552
2004-05-01,1280.3,449.8,815.8,878.2,1066,730.9,513.5,378.8,4649.9,768.7,1846.2,1077.5,2075.5,764.3,1280.3,713.5,1265.6,269.8,2675.2,327.9,5542.3,14685.1
2004-06-01,1384.1,445.8,815.4,865.8,1162.7,765.3,508.3,382.8,4515.2,748.3,1758.5,1010.2,2075,754,1384.1,708.5,1261.2,292.2,2793.8,320.3,5406.3,14679
2004-07-01,1305.9,465.1,768.2,901,1150.5,791.7,517.2,406.3,4799.1,811.9,1878.2,1066.3,2171.6,779,1305.9,735.4,1233.3,304.2,2843.3,352.9,5722.7,15154.9
2004-08-01,1166.8,461.7,723.3,919.6,1122.7,755.8,512.1,402,4655.3,787.5,1850.1,1062.7,2162.3,788.5,1166.8,742.6,1185,284.7,2798.1,346.6,5569.3,14731.7
2004-09-01,1317.9,479.7,792.8,977.5,1094.7,775.9,515.8,409.9,4697.1,808,1921.5,1113.5,2221.4,823.9,1317.9,758.8,1272.5,294.8,2848,343.9,5622.8,15204.1
2004-10-01,1358.3,507,817.9,1071.5,1171.4,835.4,543.2,442.4,4834.1,809.4,1914.5,1105.1,2273.3,860.4,1358.3,765.5,1324.9,309.9,3078.3,337.5,5819.7,15769.1
2004-11-01,1536.7,519,830.8,1075.4,1261.9,847.7,551.9,446.3,4755.3,768.7,1839.9,1071.2,2352.9,895.9,1536.7,780.4,1349.9,327.9,3185.1,348.7,5753.4,16017.9
2004-12-01,2500.8,735.3,1179.9,1248.4,1733.5,895.5,651.5,699.1,5402.5,843.5,2041.9,1198.4,3209.8,1286.2,2500.8,940.5,1915.2,503.2,3877.3,480,6753.1,20298.1
2005-01-01,1246.3,485.1,788.6,966.5,1179.6,817.1,544.2,404.1,4762.1,795.5,1798.7,1003.2,2074.7,784,1246.3,629.6,1273.7,301.8,2963.1,359.3,5710.3,15066.7
2005-02-01,1037.3,430,625.6,856.7,1039.8,726.4,510.5,389.4,4436.5,713.7,1661.2,947.5,1979.9,737.2,1037.3,635.9,1055.6,265.1,2622.9,341.7,5336.4,13693.5
2005-03-01,1300.8,453.1,757.4,932.3,1095.4,755.2,567.6,442.6,4926.2,770.6,1780.3,1009.7,2117.9,771,1300.8,698.2,1210.4,304,2782.9,344.6,5936.5,15128.9
2005-04-01,1153.7,448.9,772.5,895.1,1115.2,777.1,564.5,430.7,4715.7,792.8,1809,1016.2,2060.3,741,1153.7,679.9,1221.3,302.1,2787.4,337.2,5710.9,14742.6
2005-05-01,1264.2,473,836,890.6,1170.4,818.3,539.1,409,4712.9,784.8,1788.9,1004.2,2098.2,766,1264.2,698.2,1308.9,290.4,2879.3,343.6,5661,15000.6
2005-06-01,1454.2,460,850.1,872.9,1264.1,832.3,531.4,416.2,4635.2,779.2,1768.9,989.7,2074.5,741.2,1454.2,685.4,1310.1,313.9,2969.3,334,5582.8,15159.8
2005-07-01,1290.1,458.5,778.8,883.7,1221.5,859.3,545.1,435.3,4908.1,835.3,1869,1033.8,2090,745.5,1290.1,686.2,1237.2,296.5,2964.4,361.8,5888.5,15339.3
2005-08-01,1210.7,462,773.9,937.4,1205.9,841.2,553.9,446.2,4929.4,806.9,1813.4,1006.5,2125.1,773.1,1210.7,696.7,1235.8,297.3,2984.4,358,5929.6,15299
2005-09-01,1277.8,469.3,846.3,959.6,1187.6,823.8,555,459.7,4916.7,805.7,1845.8,1040.2,2094.3,765.7,1277.8,678.3,1315.5,298.3,2971,351.9,5931.4,15436
2005-10-01,1314.4,506.3,862.5,1053.3,1206.9,839,591.4,469.5,5039.1,848.8,1978.1,1129.3,2142.3,806.9,1314.4,694.5,1368.8,304.5,3099.2,336.4,6100.1,16002.8
2005-11-01,1540.4,524.1,876.8,1102,1308.5,842.4,593.9,504.1,4973.3,830.4,1965,1134.5,2290.4,872.4,1540.4,729,1400.9,331.1,3252.9,357.9,6071.2,16520.8
2005-12-01,2536,717,1241.3,1258.8,1898.6,930.6,697.2,744.6,5641.7,909.4,2152.8,1243.4,3136.2,1228.5,2536,899.3,1958.3,531.1,4088.1,477.3,7083.5,20955
2006-01-01,1193.7,481.7,807.5,956,1280.2,799.8,604.4,462.2,5047,834.2,1913.8,1079.5,2068.4,747,1193.7,661.7,1289.2,318.3,3036,341.4,6113.6,15614.7
2006-02-01,1037.7,430.1,654.2,885,1082.6,725,570.6,432.8,4700.6,732,1750.1,1018.1,1962.4,724.7,1037.7,650.9,1084.3,265.9,2692.5,320.9,5704.1,14231
2006-03-01,1204.5,480.8,762,964.5,1190.1,798.8,626.3,486.3,5222.5,818.7,1983.8,1165.1,2149.1,780.4,1204.5,732.4,1242.8,302.5,2953.4,333.8,6335.1,15868.7
2006-04-01,1348.6,470.2,820.2,916.4,1120.8,766.9,594.8,480.6,5063.9,831.6,1966.5,1135,2070.2,755.4,1348.6,707.5,1290.5,300.6,2804.1,306.7,6139.3,15619.2
2006-05-01,1267.6,497.4,851.6,923.1,1276.8,826.3,593.3,479.8,5060.2,819.9,2005.1,1185.2,2177.8,789.8,1267.6,761.4,1349,304,3026.2,322.6,6133.3,15959
2006-06-01,1429,495.7,851.2,906.9,1383.9,857.4,575.6,482.6,5013.4,817.3,1943.6,1126.4,2167.3,783.2,1429,746.4,1346.9,318.8,3148.2,318.9,6071.6,16106.6
2006-07-01,1412,487.2,816.8,902.5,1332.4,885.5,573,508,5116.4,848.2,2019.2,1170.9,2161.5,776.6,1412,748,1304,309.2,3120.4,327.7,6197.4,16214.5
2006-08-01,1239.2,499.6,825.3,958.5,1307.1,884.6,589.9,525.4,5253.2,852.1,2043.2,1191.1,2275.9,829.2,1239.2,796.5,1324.9,315.1,3150.1,335.1,6368.5,16401.9
2006-09-01,1219.1,504.7,879.5,973.5,1327.3,895.3,586.3,538.8,5171.8,845.2,2038.7,1193.5,2213.6,816.1,1219.1,758.7,1384.2,318.8,3196.1,320,6296.9,16348.7
2006-10-01,1344.6,546.4,917.9,1057.3,1346.9,942.6,630.1,551.9,5385.2,857.8,2113.3,1255.5,2319.4,838.5,1344.6,808.7,1464.3,340,3346.8,332.3,6567.2,17155.7
2006-11-01,1623.3,549.5,936.6,1070.2,1464.2,959.7,635.2,591,5388,846.9,2109.4,1262.5,2473.4,903.6,1623.3,836.8,1486.1,376.3,3494,356.7,6614.2,17800.4
2006-12-01,2611.1,765.8,1290.9,1188,2072,1041.3,742.9,869.3,5957.5,903.8,2297.3,1393.5,3306.8,1260.4,2611.1,977.6,2056.6,602,4301.3,466.7,7569.8,22142.8
2007-01-01,1267.3,491.9,862.7,993.5,1419.1,919.7,662.3,550.1,5426.1,869.4,2097.1,1227.7,2165.5,770,1267.3,709.8,1354.6,351.8,3332.3,333.9,6638.4,16855.2
2007-02-01,1047,441,724,913.7,1252,797.8,628,519.6,5025.3,780.4,1939,1158.7,2044,730.7,1047,684.4,1165,311.9,2963.4,317.1,6172.9,15331.4
2007-03-01,1331.6,492,876.3,975.3,1433.7,874.3,682.9,577.1,5603,881,2191.9,1310.9,2279.5,795.7,1331.6,772.2,1368.3,365.7,3283.3,346,6863,17317.7
2007-04-01,1302.6,471,888.1,909.8,1263.4,837,687.2,557.7,5355.1,874.8,2134,1259.2,2108.5,742.2,1302.6,726.6,1359.1,335.1,3010.1,304.7,6600,16514.4
2007-05-01,1365.1,507.9,922.3,938.3,1391.3,910.2,676.9,540.4,5474.4,881.7,2145.5,1263.8,2228.1,793.8,1365.1,777.5,1430.3,335.8,3239.8,321,6691.7,17100.4
2007-06-01,1491.5,494.4,967.1,911.5,1531.3,956.1,649,522.9,5346.1,892.7,2133.8,1241.1,2180.3,756.8,1491.5,762,1461.5,352,3399,309.6,6518,17184.1
2007-07-01,1462.3,504.8,922.7,948.6,1463.2,921.8,688.9,547.8,5514.4,936.2,2178.4,1242.2,2284.2,792.3,1462.3,802.5,1427.6,346.1,3333.5,343.3,6751.1,17437
2007-08-01,1315.5,514,892.8,1008.1,1492.3,933.2,701.3,564.4,5735.5,951.7,2257.9,1306.1,2386.6,836.3,1315.5,859.8,1406.8,351.8,3433.6,338.8,7001.1,17801.5
2007-09-01,1353.3,531,928.1,1067.1,1450.9,925.3,681.6,598.8,5567,917.7,2179.5,1261.8,2321,861.9,1353.3,781.8,1459.1,360.9,3443.2,316.4,6847.4,17603.5
2007-10-01,1440.6,576.8,984.3,1140.5,1454,996.9,697.8,612.8,5834.1,922.4,2257.3,1334.9,2535.3,913.5,1440.6,881.2,1561.1,374,3591.4,366.6,7144.7,18530.4
2007-11-01,1687.9,615.5,1002.3,1138.7,1612.9,1022.7,685,638.1,5926.9,913.5,2284.6,1371.1,2692.3,985.9,1687.9,916.2,1617.8,405.6,3774.4,384.6,7250,19307.1
2007-12-01,2747,822.7,1381.5,1282.8,2308.9,1093,809.2,905.9,6439.1,967.9,2461.1,1493.2,3582.4,1367.6,2747,1064.5,2204.2,643.4,4684.7,506.9,8154.3,23833.7
2008-01-01,1397.8,565.1,896,1002.2,1564.3,968.6,631.3,627.2,5947.9,916.6,2163.5,1246.9,2437.1,839,1397.8,806,1461.1,406.4,3535.1,385.8,7206.3,18201
2008-02-01,1140.5,521.4,756.7,939.2,1331.2,872.5,615.7,543.7,5628.4,875.7,2086.7,1210.9,2355.5,827.6,1140.5,801.7,1278.1,344.7,3142.9,381.4,6787.8,16791.4
2008-03-01,1351.7,521.3,832.6,973,1372.9,866.6,642,617.6,6056.2,915.7,2159.4,1243.7,2414.5,832.8,1351.7,836.9,1353.9,368.5,3212.5,376.3,7315.8,17807.9
2008-04-01,1396.6,524.8,961.9,945.3,1437.2,856,602.7,564.1,5715.9,926.6,2148.2,1221.6,2390.5,795.5,1396.6,873.9,1486.7,359,3238.4,362.1,6882.6,17543
2008-05-01,1421.1,556.6,985.3,941.6,1501.7,905.9,617.3,567,5979.3,943.8,2176.7,1232.9,2530.9,852.2,1421.1,935,1541.9,359.9,3349.2,383.9,7163.6,18183.5
2008-06-01,1401.6,508,894.5,925,1602,916.7,585.8,552.5,5623.5,913.5,2089.9,1176.4,2378.4,780.7,1401.6,882.5,1402.5,360.7,3443.7,354.4,6761.8,17477.9
2008-07-01,1582.3,518.3,942.1,961.6,1547.4,904.9,632.4,565.7,6042.4,958.5,2172.6,1214.1,2521.7,807.6,1582.3,965.5,1460.4,343.1,3413.8,405.6,7240.5,18391.2
2008-08-01,1268.4,513.1,906.2,1001.8,1526.3,882.9,655.5,564.5,6135.4,966.2,2204,1237.9,2540,832.7,1268.4,967.1,1419.4,340.9,3411,399.3,7355.4,18198.2
2008-09-01,1383.3,518.2,950.2,1023,1441.6,863.2,653.5,584.5,5857.7,936.6,2124.2,1187.7,2485.9,825.8,1383.3,937.2,1468.3,338.2,3327.8,384.7,7095.7,17885.2
2008-10-01,1452.4,580.7,966.7,1089.7,1512.7,928.2,680.8,688.9,6273.1,1013.4,2302.4,1289.1,2668.9,910.5,1452.4,980.7,1547.4,390.7,3530.5,387,7642.8,19144.5
2008-11-01,1675.9,596.8,997.3,1094.3,1584.2,917.1,679.7,704.9,6245.4,987.5,2242.8,1255.4,2740,968.8,1675.9,963,1594.1,418.9,3595.6,389.3,7630.1,19478.5
2008-12-01,2886.1,839.5,1469.2,1340.9,2549.8,1017.9,842.6,1004.6,6937.8,1076.3,2479.4,1403.1,3816.6,1386.2,2886.1,1195.2,2308.7,696.9,4908.6,538.3,8784.9,25184.3
2009-01-01,1451,558.6,984.5,1051.5,1579.9,929.3,634.4,738,6613,1023.2,2318.3,1295.1,2525.9,837.7,1451,907,1543.2,392.7,3560.7,388.5,7985.3,19384.5
2009-02-01,1056.6,476.2,782.9,888.1,1300,780.1,607,621.8,5922.5,910.7,2069.5,1158.8,2349.1,785.9,1056.6,879.5,1259.1,320.5,2968.2,363.2,7151.3,16853.8
2009-03-01,1386.9,551.9,966.7,994.3,1441.7,865.6,666.4,676.4,6489.7,1021.2,2303.2,1282,2585.3,859.6,1386.9,980.2,1518.6,370.5,3301.6,375,7832.4,18927.9
2009-04-01,1509.1,530.8,1048.9,974.7,1361.6,867.6,665.4,670.2,6375.1,1039.1,2326.9,1287.8,2519,839.5,1509.1,976.9,1579.8,379.9,3203.9,322.8,7710.6,18849.3
2009-05-01,1519.4,594.4,1114.9,989.1,1484.7,905.9,646.5,665.5,6451.2,1055.6,2401.7,1346.1,2624.2,893.1,1519.4,1022.4,1709.3,372.2,3379.7,336.6,7763.2,19397.5
2009-06-01,1500.5,526.4,1041.6,957.1,1685.1,978.4,626.8,646.7,6125.7,1006.6,2263,1256.4,2551.6,860.9,1500.5,995.1,1568,366.4,3620.6,329.3,7399.3,18902.9
2009-07-01,1570.7,499,1015.7,940.1,1567,945.2,632.8,657.3,6435.5,1101.9,2415.1,1313.1,2682.3,914.2,1570.7,1062.8,1514.7,358.9,3452.3,346.3,7725.6,19360.6
2009-08-01,1341.5,510.2,988.1,1013,1534.3,920.4,648.5,672,6487,1116.5,2446.1,1329.5,2595.8,899.7,1341.5,1014,1498.2,345,3467.7,337.1,7807.5,19156.7
2009-09-01,1399.9,521.6,1015.6,1064.1,1433,909,641.6,678.4,6315.9,1119,2430.7,1311.8,2620.5,916.3,1399.9,1014,1537.2,365.1,3406.1,325.2,7635.8,19030.3
2009-10-01,1534.3,592.5,1039,1156.8,1508.7,975.9,682.8,716.4,6710.5,1175.7,2602,1426.3,2775.7,967.4,1534.3,1098.7,1631.4,375.8,3641.4,333.8,8109.7,20294.6
2009-11-01,1736.6,599.3,1093.2,1146.3,1680.3,960.6,709,752.2,6742.8,1131,2569.9,1438.9,2849.8,1045.2,1736.6,1060.7,1692.5,413.7,3787.3,330.2,8204,20840.1
2009-12-01,2795.1,981.2,1512.5,1198,2379.4,1128.6,918.9,1029,7301,1284.9,2897.1,1612.2,3817.7,1341.7,2795.1,1306.1,2493.6,698.8,4706,471,9249,25958.5
2010-01-01,1469.1,587.5,958.4,1021.3,1578.1,961.5,632.4,737.4,6723.6,1178.5,2521.3,1342.8,2601.3,894.6,1469.1,941.3,1545.9,392.1,3561,373.3,8093.4,19792
2010-02-01,1111.9,506.6,766.9,897,1292.1,863.4,578.4,626.7,6038,1026.3,2323.9,1297.6,2426.4,845.6,1111.9,920.5,1273.6,309.7,3052.5,350.6,7243.1,17431.5
2010-03-01,1379.9,527.1,925.2,1012.8,1403.1,906.9,632.6,709,6676.2,1135.7,2607.5,1471.8,2709.9,913.2,1379.9,1063.6,1452.3,362.7,3322.8,370.5,8017.8,19490.3
2010-04-01,1389.7,537.5,970,1010.3,1364.8,838.7,625.5,698.2,6511.8,1149.4,2535.8,1386.4,2549.6,848,1389.7,1018.2,1507.5,344.4,3213.8,339,7835.6,19032
2010-05-01,1427.2,600.9,1052.6,1004,1464.7,891.4,620.8,673.4,6593.4,1150.9,2571.4,1420.6,2633.7,899.6,1427.2,1045.9,1653.6,339,3360.1,349.2,7887.6,19533.6
2010-06-01,1551.4,551.1,1007.5,974.5,1625.1,992.1,588.7,657.7,6281.5,1151.7,2504.9,1353.2,2604.6,861.1,1551.4,1043.6,1558.6,355.8,3591.7,344.1,7527.9,19339.1
2010-07-01,1581,571,1008,965.6,1541.6,973.6,600.2,687.3,6756.8,1235.2,2781.3,1546.1,2765.1,927.8,1581,1101.5,1579,370.2,3480.7,365.6,8044.4,20231.6
2010-08-01,1324,547.6,963.4,1020.7,1526,951,602.6,690.8,6631.3,1209.6,2800,1590.4,2803.4,961.4,1324,1112.3,1511,354.3,3497.8,375.4,7924.7,19860.8
2010-09-01,1422,576.7,1033.4,1110.4,1436.1,929.7,607.2,722.6,6525.6,1192.4,2742.8,1550.4,2809.9,975.1,1422,1099.2,1610.1,375,3476.1,360.6,7855.4,19916.3
2010-10-01,1464.9,549,1045.6,1221.1,1451.6,1019.4,645.2,757.4,6837,1220.6,2730.2,1509.7,2854.1,982.1,1464.9,1123.3,1594.6,362,3692.1,386.7,8239.5,20575.4
2010-11-01,1705.5,573.3,1083,1216.7,1566.2,1048.1,654.4,790.1,6843.7,1180.9,2684.4,1503.5,2998.3,1054.6,1705.5,1134,1656.3,412.4,3831,397.4,8288.1,21163.7
2010-12-01,2752.4,974.6,1572.2,1303,2345.8,1190.7,839.1,1138.4,7514.3,1319.9,3021.1,1701.2,3947.6,1351.9,2752.4,1333.3,2546.8,688.7,4839.5,573.8,9491.8,26599.2
2011-01-01,1412.6,550.5,948.6,1088.6,1431.1,938.6,635.2,774.7,6993.8,1174.9,2598.2,1423.3,2692,945.1,1412.6,974.5,1499,359.1,3458.3,413.3,8403.6,20063.7
2011-02-01,1117.5,482.7,809.1,980.5,1216.7,868.4,610.6,673.8,6365.1,1047.9,2391.3,1343.4,2563.6,930.4,1117.5,954.5,1291.8,287.7,3065.6,391,7649.6,18079.3
2011-03-01,1321.6,515.3,962.9,1098,1340.4,926.7,649.2,743.5,6892.3,1162,2648.9,1486.9,2835,1006,1321.6,1086.1,1478.2,326.4,3365.1,416.5,8285,19933.8
2011-04-01,1472.6,535.7,1014.3,1056.4,1264,932.6,663.8,756.8,6790.7,1150.8,2598.9,1448,2747.2,977,1472.6,1074.3,1549.9,346.6,3253.1,349.4,8211.3,19833
2011-05-01,1408.9,560.1,1066,1050.5,1372.3,968.8,641.2,703.7,6714,1139.4,2604.1,1464.7,2798.4,1008.9,1408.9,1129.6,1626.1,303.8,3391.7,356,8059,19888.1
2011-06-01,1471.9,538.9,1007,1021.8,1472.9,1036.6,630.2,684.9,6563.2,1112.3,2519.5,1407.2,2791.4,1008.5,1471.9,1116,1545.9,332.1,3531.3,334.8,7878.3,19738.3
2011-07-01,1532.5,495.6,960.6,1022,1414.2,1027.1,650.1,740.9,6924.1,1182.2,2701.9,1519.7,2950.6,1055.2,1532.5,1157.7,1456.2,367.1,3463.3,370.6,8315.2,20419.6
2011-08-01,1293.5,489.6,931.1,1136.4,1407.5,1034.6,687.7,753.1,6919.5,1169.8,2739.6,1569.8,2995.6,1078.6,1293.5,1196,1420.7,346,3578.6,375,8360.3,20388.3
2011-09-01,1345.7,515.7,984.3,1208.8,1379,1026.1,668.9,769.8,6835.4,1173.3,2744.3,1571,2997.8,1109.8,1345.7,1171.4,1500,370.9,3613.9,345.6,8274.2,20475.9
2011-10-01,1404.7,539.3,1027.3,1310.1,1420.2,1038.7,665.5,800.4,7140.4,1191.6,2814.4,1622.8,3022.4,1130.2,1404.7,1176.2,1566.6,375.4,3769,340.6,8606.3,21183.4
2011-11-01,1660,556.5,1055.5,1290,1529.6,1101,669.4,852,7048.5,1157,2784.2,1627.2,3317.5,1324.8,1660,1191.9,1612,449.8,3920.7,351.1,8569.9,21864.2
2011-12-01,2730.5,965.5,1611.6,1383.2,2235.8,1248.7,837.1,1235.5,7863.4,1291.3,3046.6,1755.2,4267.6,1626.8,2730.5,1437.5,2577.1,713.7,4867.7,489.7,9936,27425.4
2012-01-01,1362.4,555.3,980.9,1127.2,1432,981.4,619.5,806.7,7108.6,1180.6,2729.5,1548.9,2826,1042,1362.4,1054.4,1536.3,364.6,3540.6,365.1,8534.8,20529.6
2012-02-01,1131.7,486.8,822,1016.1,1254.7,874.1,630,735.2,6753.8,1072,2556,1484,2810.8,1039.1,1131.7,1084.2,1308.8,312.9,3144.9,374.5,8119.1,19071.2
2012-03-01,1349.2,512.9,998.6,1087.8,1388.8,919.8,655.4,800.4,7280.7,1192.8,2839.3,1646.5,3035.1,1102,1349.2,1191.4,1511.5,351.5,3396.4,390.3,8736.6,20868.1
2012-04-01,1391.2,520.9,996.8,1058.3,1252.4,869.7,654.9,773.4,6970.9,1164.8,2737.4,1572.6,2803,997.5,1391.2,1150.8,1517.7,329.1,3180.4,325.6,8399.2,20028.9
2012-05-01,1456.9,595,1100.7,1075.8,1419.7,940.3,646.7,755.1,7048.9,1192.2,2836.7,1644.6,2997.2,1078.5,1456.9,1236.3,1695.7,323.5,3435.8,359,8450.7,20873.1
2012-06-01,1616.4,570.6,1077,1057.7,1517.3,1004.6,634.3,738.3,6897.1,1201.4,2784.8,1583.3,2980.1,1086.4,1616.4,1233.3,1647.6,332.8,3579.5,327.6,8269.7,20878.1
2012-07-01,1423.4,528.8,1018.1,1113.6,1480.3,1007.2,646.7,746.2,7107.5,1229.4,2932.2,1702.9,2960.6,1038.1,1423.4,1244.9,1546.9,338.1,3601.1,339.5,8500.4,20964.6
2012-08-01,1359,546.7,984.7,1200.2,1443.9,983,678.7,776.7,7332.5,1231.8,2962.7,1730.9,3083.9,1060.6,1359,1313.6,1531.4,355.8,3627.1,353.9,8787.9,21352
2012-09-01,1367.8,545.3,1020.2,1293.6,1391,954.4,664.8,785.7,7132.3,1197.2,2885.9,1688.7,2999.1,1043.5,1367.8,1246.1,1565.6,377.6,3639,331.9,8582.8,21040.2
2012-10-01,1442.6,545.7,1074.2,1350,1383.7,991.6,740.1,806.4,7435.5,1228.5,2966.7,1738.1,3113.9,1096.3,1442.6,1292.9,1619.9,382.9,3725.3,341.8,8982,21850.4
2012-11-01,1672.9,565,1117.8,1310.3,1543.2,997.9,726.3,865.7,7456.5,1236.4,2973.1,1736.7,3451.5,1331.5,1672.9,1319,1682.8,441.4,3851.4,359.7,9048.5,22680.2
2012-12-01,2753.3,974.2,1641.6,1435.8,2201.7,1122.7,854.3,1254.8,8153,1330,3177.5,1847.5,4107.5,1520.2,2753.3,1462.7,2615.7,686.1,4760.2,438.5,10262.1,27676.4
2013-01-01,1397.4,574.2,1038.9,1206.2,1482.5,980.4,707.9,824.9,7534.8,1200.1,2849.6,1649.5,2913.7,1048.6,1397.4,1138.3,1613.2,389.1,3669.1,337.7,9067.6,21510.6
2013-02-01,1113.6,496.6,851.5,1053.4,1282.3,865.4,663.9,714.1,6886.8,1067.4,2607.7,1540.3,2764.4,987,1113.6,1112,1348.1,319.3,3201.1,346.1,8264.8,19299.8
2013-03-01,1397.3,501.5,947.3,1158,1340.2,894.9,720.6,843.8,7707.6,1232.9,2924,1691.1,2975.3,1075.2,1397.3,1196.9,1448.8,362.9,3393.1,340.2,9272,21410.5
2013-04-01,1339.1,502.8,1075.3,1151.7,1292.1,876.4,713,761.3,7140.7,1189.6,2853.5,1663.9,2895.3,1039.8,1339.1,1187.3,1578,380.3,3320.2,287.8,8614.9,20601.1
2013-05-01,1441.9,555.3,1162.7,1145.5,1383.9,926.9,738.1,751.9,7386.4,1215.8,2901.5,1685.8,3086.8,1130.3,1441.9,1300.8,1718,357.2,3456.3,298.5,8876.5,21481
2013-06-01,1537.4,536.7,1104.4,1109.5,1502.8,989.8,686.5,732.5,7097.9,1204.6,2813,1608.4,2873.9,1051.8,1537.4,1211.1,1641.1,343.8,3602.2,267.2,8516.9,20984.5
2013-07-01,1390.6,510.1,1082.8,1172.9,1486.2,983.2,704.9,766.3,7384.6,1238.3,2968.4,1730.1,3024.2,1128.5,1390.6,1254.7,1592.9,359.3,3642.3,281.7,8855.8,21474.2
2013-08-01,1337.2,537.9,1080.5,1283.6,1476.4,966.1,731.4,798.8,7657.9,1286,3065.1,1779.1,3089.2,1102.3,1337.2,1297.2,1618.4,387.2,3726.1,302.5,9188.1,22024
2013-09-01,1359.4,531.9,1144.7,1307.4,1382.6,934.9,718.7,789.1,7331.3,1232.1,2988.7,1756.6,3063.1,1109.4,1359.4,1276.9,1676.6,404.5,3624.9,272.2,8839.1,21551.9
2013-10-01,1463.3,541.7,1249.6,1424.7,1398.7,1021.4,745.5,830.9,7762,1291.8,3175.4,1883.7,3240.5,1215.9,1463.3,1322.1,1791.4,416.1,3844.8,286.4,9338.4,22853.7
2013-11-01,1668.9,576.8,1302.9,1389.8,1557.1,1050.9,732.7,870.8,7742.3,1284.9,3210.8,1925.9,3668.3,1486.3,1668.9,1346.6,1879.7,521.5,3997.8,314,9345.9,23771.3
2013-12-01,2725.5,942.4,1819.5,1538.2,2209.8,1215.7,890.6,1258.8,8707,1388.6,3536.8,2148.2,4293.3,1594.3,2725.5,1508.9,2761.9,791,4963.8,399.2,10856.4,29137.6
2014-01-01,1451,559.6,1158.7,1284.8,1470.5,1055.3,734.6,867,8100,1283.5,3209.1,1925.6,3070.1,1099,1451,1185.4,1718.2,470.7,3810.6,314.9,9701.6,22960.6
2014-02-01,1064.9,482.6,933.9,1177.1,1263.6,921.7,670.4,732.7,7264.9,1112.4,2879.9,1767.4,2903.6,1076.8,1064.9,1153.6,1416.4,362.1,3362.4,311,8667.9,20295
2014-03-01,1293.2,508,1101.6,1255.3,1369.6,1002.2,721.2,824.8,7978.7,1244,3232,1988,3099.9,1149.4,1293.2,1222.9,1609.5,402.4,3627,325.2,9524.6,22386.2
2014-04-01,1442.9,500,1156.4,1235.6,1303,922.3,705,821.5,7697.4,1242.8,3182.1,1939.3,3009.6,1122.6,1442.9,1196,1656.5,418.5,3460.9,272.5,9223.9,21975.8
2014-05-01,1411.8,547.3,1233.2,1259.5,1399.2,994.3,690.9,810,7885.1,1268.6,3228.3,1959.7,3160.5,1204.7,1411.8,1284.7,1780.5,379.8,3653,291.3,9386,22620.1
2014-06-01,1461.6,503.5,1177.3,1230.4,1531.1,1082.5,680.4,765.9,7531.2,1233.1,3067.5,1834.5,3029.7,1171.9,1461.6,1220.1,1680.8,373.1,3844.1,264.6,8977.5,22061.3
2014-07-01,1501.6,512.3,1136.7,1298.2,1495,1084.8,684.9,808.1,7900.3,1327.8,3315.8,1988,3179.3,1199.6,1501.6,1295.5,1649,388.3,3878.1,296,9393.3,22917.2
2014-08-01,1254.2,526.4,1077.6,1352.8,1443.9,1049.4,694.9,819.9,8067.7,1335.2,3350.7,2015.6,3260.7,1238.9,1254.2,1318.6,1604.1,377.8,3846.1,325.4,9582.4,22898.2
2014-09-01,1356.4,544,1147.2,1480.2,1529.7,1023.3,690.9,842.4,7820.6,1338,3360.4,2022.4,3262.1,1228.6,1356.4,1308,1691.2,442,4033.2,283.6,9353.8,23057.2
2014-10-01,1478.7,586.8,1204.7,1613.7,1573.9,1091.2,723.3,911,8330.1,1390.1,3401.6,2011.4,3417.8,1352.6,1478.7,1334.7,1791.5,441.7,4278.7,288.7,9964.4,24332.7
2014-11-01,1687.7,616.3,1204.6,1577.3,1704.4,1139.6,720.9,926.3,8263.9,1390.7,3374.9,1984.2,3577.5,1505,1687.7,1276.6,1821,496.1,4421.3,299.8,9911.1,24793.5
2014-12-01,2756.9,1065.3,1841.6,1629.4,2401.3,1326.7,894.8,1353,9023.8,1494.2,3692.7,2198.5,4440.3,1766,2756.9,1500.1,2907,798.5,5357.5,375.7,11271.6,30425.9
2015-01-01,1471.2,635.9,1160.3,1395.2,1640.5,1122.2,688.9,893.1,8373.4,1378,3391.3,2013.3,3152.6,1228.4,1471.2,1193.7,1796.2,455.4,4157.9,275,9955.4,23924.6
2015-02-01,1053.8,540.2,916,1265.9,1435.4,981.1,669.1,771.8,7579.1,1202.6,3027.5,1824.9,2999.9,1211.8,1053.8,1162.4,1456.2,346.8,3682.4,279,9020,21239.9
2015-03-01,1367.2,569.3,1132.7,1392.1,1516.4,1075.1,709.6,882.5,8334.5,1327.7,3361.9,2034.2,3243.1,1315.1,1367.2,1248,1702,381.6,3983.5,298.4,9926.5,23584.2
2015-04-01,1442.2,556.4,1237,1313.6,1391,1009.3,694.2,826.8,8017,1306.8,3266.5,1959.7,3058.8,1248.8,1442.2,1181.6,1793.4,372.2,3713.9,256.2,9538,22812.9
2015-05-01,1428.7,603,1288.3,1352.9,1521.1,1102.9,685.3,824.5,8197.3,1313.6,3314,2000.4,3214.7,1335.6,1428.7,1272,1891.2,343.1,3976.9,264.1,9707.1,23532.6
2015-06-01,1480.9,559.2,1215.5,1382.2,1732.1,1204.8,683.2,788.4,7746.3,1312.1,3257.5,1945.4,3243.5,1361,1480.9,1276.1,1774.7,368.8,4319.2,237.5,9217.8,23293.5
2015-07-01,1540.9,586.4,1202.1,1386.5,1616.3,1183.2,710,836.2,8171.8,1410.3,3445.3,2034.9,3337.2,1381.3,1540.9,1338.7,1788.5,358.6,4186.1,258.6,9718,24015.9
2015-08-01,1331.9,583.3,1113.8,1460.5,1581.2,1118.2,708.6,847.7,8278.4,1372.9,3421.1,2048.2,3379.5,1394.3,1331.9,1347.7,1697.1,366.5,4159.8,271,9834.8,23824.2
2015-09-01,1400.1,583.1,1207,1582,1588.5,1103.4,705.9,865.2,8074.7,1387.8,3444.4,2056.6,3454.5,1401,1400.1,1355.9,1790.1,438.2,4273.9,259.5,9645.8,24008.9
2015-10-01,1566.3,614.1,1274.4,1715.6,1672.5,1179.8,720,926.9,8672.2,1432,3525.8,2093.8,3579.5,1471.4,1566.3,1400.6,1888.5,432,4567.9,275.5,10319.2,25447.3
2015-11-01,1730.5,633.8,1281.7,1656,1817.1,1219.6,720.5,939.8,8468.2,1412.2,3491.3,2079.1,3824.9,1640.6,1730.5,1390.1,1915.6,507.6,4692.8,286.6,10128.5,25783.5
2015-12-01,2913.6,1117.8,1962.2,1748.6,2577.9,1409.4,887.8,1400.5,9442.9,1541.6,3819.9,2278.3,4642.5,1880.5,2913.6,1590.6,3079.9,799.4,5735.9,372,11731.2,31923
2016-01-01,1519.2,655.5,1220.2,1490.8,1703.6,1182.3,684.3,916.2,8644.3,1387.3,3431.8,2044.5,3304.9,1355.5,1519.2,1226.7,1875.7,456.6,4376.7,266.1,10244.9,24753.1
2016-02-01,1155.8,558.8,1039.9,1423.5,1500.2,1055.9,683.8,825.7,8047.4,1277.4,3186.9,1909.5,3257,1397,1155.8,1233.4,1598.7,361.6,3979.6,265,9556.9,22734.9
2016-03-01,1451.5,558.8,1221.8,1478.8,1572.6,1046,729.5,947.7,8676.8,1408.9,3435.2,2026.4,3398.6,1411.4,1451.5,1305.3,1780.6,407.7,4097.4,274.3,10354,24517.3
2016-04-01,1451,597.2,1327.4,1453,1529.1,1082.7,697.8,859.7,8170.5,1414,3451.7,2037.7,3355.8,1402.8,1451,1322,1924.6,390.7,4064.9,240.3,9727.9,23975.9
2016-05-01,1449.7,613.4,1313.4,1455.9,1547.7,1088.8,711.1,852.5,8251.6,1409.7,3431,2021.3,3428.5,1447.8,1449.7,1362.1,1926.7,373,4092.5,245.5,9815.2,24143.5
2016-06-01,1596.1,603.3,1363.8,1413.4,1753.2,1190.8,691.6,831.9,7993,1402.4,3313.9,1911.5,3414.4,1467.4,1596.1,1329.3,1967.1,385.3,4357.3,232.3,9516.5,24165.3
2016-07-01,1468.3,604.9,1271.1,1409.9,1622.8,1192.4,697.7,871.2,8359.6,1524.3,3573,2048.7,3492.7,1460.7,1468.3,1373.4,1876.1,402.5,4225.1,256.1,9928.5,24563.7
2016-08-01,1293.9,599.5,1206.8,1534.6,1539.7,1165.1,714.7,884.5,8442.7,1532,3647.5,2115.5,3562.3,1480.1,1293.9,1415.3,1806.3,396,4239.4,270.9,10041.9,24591.3
2016-09-01,1393.5,615.1,1281.7,1722.2,1589.2,1157.6,712.5,926.7,8366.5,1565.9,3696.3,2130.4,3602.3,1516,1393.5,1417.6,1896.8,420.2,4469,248.4,10005.7,25063.6
2016-10-01,1497.4,633.5,1304.3,1850.7,1648.9,1197.2,728.5,940,8814.1,1575.8,3716.6,2140.8,3643.2,1579.9,1497.4,1382.7,1937.8,427.6,4696.8,253,10482.6,25974.6
2016-11-01,1684.3,667.4,1389.7,1825.1,1778.5,1270.8,741.9,993.4,8700.5,1554.1,3678.5,2124.5,4051.1,1836.3,1684.3,1436.1,2057.1,503.3,4874.4,275.3,10435.7,26781.1
2016-12-01,2850.4,1200.1,2130.4,1768.5,2549.5,1464.3,901.2,1478.4,9850.4,1702.2,4047.3,2345.1,4859.6,2002.7,2850.4,1696,3330.5,781.7,5782.3,379.1,12230.1,33100.2
2017-01-01,1428.5,668.8,1271,1507.8,1731.5,1224.2,705.5,943.6,8782.3,1537.1,3621.4,2084.3,3421.5,1459.7,1428.5,1253.2,1939.7,438.2,4463.5,270.4,10431.5,25306.2
2017-02-01,1092.4,559.9,999,1370.9,1492.9,1033.9,674.1,831.7,8068.7,1332.2,3260.6,1928.3,3230.8,1396.1,1092.4,1241.4,1558.9,332,3897.6,261.3,9574.6,22615
2017-03-01,1370.3,599.4,1227.2,1458.4,1612.1,1126.5,728.4,941.8,8840,1498.6,3619,2120.4,3590.4,1478.8,1370.3,1430.2,1826.7,403.7,4196.9,277.6,10510.3,25113.5
2017-04-01,1522.6,576.4,1309.3,1437,1474.7,1083.2,728.5,932.5,8613,1490.7,3567,2076.2,3338.8,1373.3,1522.6,1335.5,1885.8,390.2,3994.9,239.8,10274.1,24583.1
2017-05-01,1452.4,646.2,1378,1476.3,1632.4,1182.2,720.6,877.6,8591.4,1469.3,3598.6,2129.4,3577.3,1485.1,1452.4,1467.9,2024.2,372.3,4291,252,10189.7,25133.2
2017-06-01,1557.2,618.6,1369.7,1477.3,1847.9,1334.2,695.3,868.6,8293.7,1462.5,3544.2,2081.7,3560.8,1491.2,1557.2,1438.7,1988.3,396.3,4659.4,234.6,9857.6,25167.5
2017-07-01,1445.5,610.1,1286.3,1475.1,1661,1229.1,709.5,913.3,8650,1533.6,3698.1,2164.5,3600.7,1503.6,1445.5,1433.4,1896.4,412.4,4365.1,251.3,10272.8,25278.6
2017-08-01,1303.1,606.1,1233.2,1535.8,1603.6,1207.9,720.6,922.8,8720.3,1538.4,3711.2,2172.8,3710.9,1560,1303.1,1490.2,1839.3,395.3,4347.3,265.4,10363.7,25275.4
